ESTADO;NOMBRE NODO;ACRONIMO;PROVINCIA;COORDENADAS
ENSERVICIO;UBA;RARCIU19;CABA;[-58.399258,-34.59881]
NO INTEGRADO;TERMAS DE RIO HONDO;RARGTRH02;SANTIAGO DEL ESTERO;[-64.866223,-27.49858]
ENSERVICIO;AABE;RARCIU24;CABA;[-58.375276,-34.592563]
ENSERVICIO;PUENTE DEL INCA;RARMINC01;MENDOZA;[-69.912522,-32.823706]
ENSERVICIO;USPALLATA;RARMUSP01;MENDOZA;[-69.349389,-32.597194]
ENSERVICIO;SAN MIGUEL;RARKSMG01;CATAMARCA;[-66.202639,-28.140046]
ENSERVICIO;ANDALGALA;RARKAND01;CATAMARCA;[-66.31556944,-27.58519722]
ENSERVICIO;LA PLATA;RARBLPL04;BUENOS AIRES;[-57.9746888889,-34.9425166667]
ENSERVICIO;POTRERILLOS;RARMPRR01;MENDOZA;[-69.194701,-32.9615]
INACTIVO;FIAMBALA;RARKFIA01;CATAMARCA;[-67.6085749,-27.69316213]
INACTIVO;EL PUESTO;RARKEPS01;CATAMARCA;[-67.6304002,-27.92676215]
INACTIVO;TINOGASTA;RARKTIN01;CATAMARCA;[-67.56516944,-28.06616389]
INACTIVO;LA PUNTILLA (TINOGASTA);RARKPTL01;CATAMARCA;[-67.499989,-28.126661]
INACTIVO;COPACABANA;RARKCOP01;CATAMARCA;[-67.4981014,-28.12439147]
INACTIVO;LAGO PUELO;RARULAP02;CHUBUT;[-71.546614,-42.026261]
NO INTEGRADO;YPF PUERTO MADERO;RARBYPF02;CABA;[-58.3625,-34.6055556]
ENSERVICIO;PEAJE PILAR;RARBPLR02;BUENOS AIRES;[-58.708972,-34.461644]
ENSERVICIO;PEAJE CAMPANA;RARBCMP01;BUENOS AIRES;[-58.690117,-34.459025]
NO INTEGRADO;LAS CUEVAS;RARMCUE01;MENDOZA;[-70.08518243,-32.81]
ENSERVICIO;SAUJIL (POMAN);RARKSAU01;CATAMARCA;[-66.2117227,-28.17330911]
ENSERVICIO;COLPES (POMAN);RARKCOS01;CATAMARCA;[-66.2065039,-28.06065039]
ENSERVICIO;PEAJE TIGRE;RARBTGR01;BUENOS AIRES;[-58.559433,-34.485289]
ENSERVICIO;PEAJE MARQUEZ;RARBMRQ01;BUENOS AIRES;[-58.551317,-34.497475]
NO INTEGRADO;COLONIA ALEMANA (DESVINCULADO);RAREAMN01;ENTRE RIOS;[-58.00035,-30.9034528]
ENSERVICIO;PILAR;RARBPLR01;BUENOS AIRES;[-58.8661,-34.458664]
INACTIVO;PEAJE DEBENEDETTI;RARBDBT01;BUENOS AIRES;[-58.52095,-34.513167]
ENSERVICIO;GONNET-CIC;RARBGNT01;BUENOS AIRES;[-58.379641,-34.602426]
ENSERVICIO;EL PAJONAL;RARKPAJ01;CATAMARCA;[-66.295161,-28.372007]
ENSERVICIO;RIO TURBIO;RARZRTB01;SANTA CRUZ;[-72.348056,-51.537211]
ENSERVICIO;28 DE NOVIEMBRE;RARZ28N01;SANTA CRUZ;[-72.20804109,-51.58]
ENSERVICIO;CASAS VIEJAS;RARZCSV01;SANTA CRUZ;[-72.297407,-51.690316]
ENSERVICIO;JULIA DUFOUR;RARZDUF01;SANTA CRUZ;[-72.23989673,-51.54]
ENSERVICIO;ROSPENTEK;RARZROK01;SANTA CRUZ;[-72.14269883,-51.66]
ENSERVICIO;CANCHA CARRERA;RARZCHC01;SANTA CRUZ;[-72.23635879,-51.25583043]
INACTIVO;POMONA;RARRPMN01;RIO NEGRO;[-65.61022222,-39.4865]
INACTIVO;LAMARQUE;RARRLMQ01;RIO NEGRO;[-65.70247222,-39.42445556]
INACTIVO;LUIS BELTRAN;RARRLBE01;RIO NEGRO;[-65.76441667,-39.31052778]
INACTIVO;GENERAL CONESA;RARBGCN01;BUENOS AIRES;[-57.3249371,-36.52]
INACTIVO;TRES ARROYOS;RARBTAR01;BUENOS AIRES;[-60.30571667,-38.3809472]
INACTIVO;SALTO DE LAS ROSAS;RARMSDR01;MENDOZA;[-68.22296667,-34.722975]
INACTIVO;RAMA CAIDA;RARMRCD01;MENDOZA;[-68.36854444,-34.7020583]
INACTIVO;BARRIO EL NEVADO;RARMNEV01;MENDOZA;[-67.98706667,-34.7873472]
INACTIVO;VILLA ATUEL NORTE;RARMATU01;MENDOZA;[-68.03007222,-34.758225]
INACTIVO;PUNTA DEL MEDANO;RARJPME01;SAN JUAN;[-68.41715,-31.8934]
INACTIVO;SAN ISIDRO;RARKSIS01;CATAMARCA;[-65.726225,-28.4492388]
INACTIVO;RAMON J CARCANO;RARXRJC01;CORDOBA;[-63.1030203,-32.4919403]
INACTIVO;MONTE LENA;RARXMLE01;CORDOBA;[-62.58881944,-32.6113083]
INACTIVO;ALVAREZ;RARSAVZ01;SANTA FE;[-60.80599444,-33.1291]
INACTIVO;SUCO I-1;RARXSUC01;CORDOBA;[-64.83218611,-33.4418472]
INACTIVO;RIO BAMBA;RARXRBB01;CORDOBA;[-63.73310833,-34.0535]
INACTIVO;LAS HIGUERAS;RARXLHG01;CORDOBA;[-64.288366,-33.090137]
INACTIVO;MISION TIERRAS FISCALES;RARAMTF01;SALTA;[-64.09331389,-23.2251556]
INACTIVO;LAS PERLAS;RARRLPR01;RIO NEGRO;[-68.13688889,-38.9851111]
INACTIVO;CHOELE CHOEL;RARRCHC01;RIO NEGRO;[-65.669479,-39.283165]
INACTIVO;PLOTTIER;RARQPTE01;NEUQUEN;[-68.217842,-38.955829]
INACTIVO;LAS LAGUNAS;RARJLLG01;SAN JUAN;[-68.3661,-32.0433167]
INACTIVO;PAREDITAS;RARMPRT01;MENDOZA;[-69.07878889,-33.9431389]
INACTIVO;1° DE MAYO;RAREPDM01;ENTRE RIOS;[-58.42454444,-32.2512194]
INACTIVO;LOS BALDECITOS;RARJBAL01;SAN JUAN;[-67.695167,-30.221139]
INACTIVO;VIEYTES;RARBVYT01;BUENOS AIRES;[-57.56868889,-35.2708417]
INACTIVO;PUESTO DEL MARQUEZ;RARYPMS01;JUJUY;[-65.69883994,-22.53517977]
INACTIVO;LOMA BLANCA;RARYLOM01;JUJUY;[-66.44638,-22.434188]
INACTIVO;COLONIA ELIA;RARECEL01;ENTRE RIOS;[-58.32471944,-32.67121944]
INACTIVO;VILLA TRINIDAD;RARPVTR01;FORMOSA;[-58.28443056,-26.21972222]
INACTIVO;VILLA DEL CARMEN;RARPVDC01;FORMOSA;[-58.25166667,-26.255]
INACTIVO;PUERTO PILCOMAYO;RARPPIY01;FORMOSA;[-57.6524943,-25.36881317]
INACTIVO;PUERTO DESEADO;RARNPTD01;MISIONES;[-54.03888,-25.786281]
INACTIVO;PINALITO NORTE;RARNPNO01;MISIONES;[-53.940374,-25.935299]
INACTIVO;RIO SEGUNDO;RARXRSG01;CORDOBA;[-63.911656,-31.649442]
INACTIVO;JAMES CRAIK;RARXJCR01;CORDOBA;[-63.464553,-32.167489]
INACTIVO;JUAREZ CELMAN;RARXJCL01;CORDOBA;[-64.164827,-31.27608]
INACTIVO;BARRIO BANCARIO;RARKBBO01;CATAMARCA;[-65.783333,-28.466667]
INACTIVO;VILLA MASCARDI;RARRVMA01;RIO NEGRO;[-71.50982222,-41.3510222]
INACTIVO;DUFAUR;RARBDUF01;BUENOS AIRES;[-62.28739722,-37.9434222]
INACTIVO;ESTANCIA CULLEN (NODO CLIENTE);RARVECU01;TIERRA DEL FUEGO;-
INACTIVO;COLONIA DORA;RARGCDR01;SANTIAGO DEL ESTERO;[-62.95044444,-28.6025556]
INACTIVO;SANTA ROSA;RARMSTR02;MENDOZA;[-68.15674388,-33.25442279]
INACTIVO;EL CARMEN (EL MILAGRO);RARYECM01;JUJUY;[-65.02577778,-24.44763889]
INACTIVO;ARROYO BARU;RAREABA01;ENTRE RIOS;[-58.44769167,-31.8678889]
INACTIVO;PFA;RARCIU99;CABA;-
INACTIVO;PCIA. NET;RARCIU98;CABA;-
INACTIVO;SECRETARIA DE INDUSTRIA Y DESARROLLO PRODUCTIVO;RARCIU97;CABA;-
INACTIVO;EMC;RARCIU96;CABA;-
INACTIVO;HOSPITAL GARRAHAN;RARCIU94;CABA;-
INACTIVO;CASA DE LA MONEDA;RARCIU92;CABA;-
INACTIVO;POLICIA DE SEGURIDAD AEROPORTUARIA;RARCIU91;CABA;-
INACTIVO;SIP (ROQUE SAENZ PEŃA 637);RARCIU87;CABA;-
INACTIVO;PREFECTURA NAVAL;RARCIU85;CABA;-
INACTIVO;JEFATURA DE GABINETE DE MINISTROS;RARCIU82;CABA;-
INACTIVO;INTA;RARCIU81;CABA;-
INACTIVO;INASE;RARCIU80;CABA;-
INACTIVO;EDIFICIO ALAS;RARCIU78;CABA;-
INACTIVO;ESTADO MAYOR DEL EJERCITO ARGENTINO (AZOPARDO 250);RARCIU77;CABA;-
INACTIVO;CONAE;RARCIU75;CABA;-
INACTIVO;ADIFSE;RARCIU71;CABA;-
INACTIVO;MINISTERIO DE OBRAS PUBLICAS (RAMOS MEJIA 1358);RARCIU70;CABA;-
INACTIVO;MINISTERIO DE HABITAT (RAMOS MEJIA 1358);RARCIU69;CABA;-
INACTIVO;INAP (AV. BELGRANO 637);RARCIU68;CABA;-
INACTIVO;GENDARMERIA NACIONAL;RARCIU48;CABA;[-58.373977,-34.583211]
INACTIVO;MIGRACIONES;RARCIU44;CABA;[-58.368052,-34.592849]
INACTIVO;MINISTERIO DE TRANSPORTE;RARCIU40;CABA;[-58.369694,-34.611521]
INACTIVO;CANCILLERIA;RARCIU32;CABA;[-58.378992,-34.593825]
INACTIVO;MINISTERIO DE CIENCIA Y TECNOLOGIA;RARCIU29;CABA;[-58.428815,-34.582207]
INACTIVO;MINISTERIO DE TURISMO;RARCIU27;CABA;[-58.379861,-34.5950005]
INACTIVO;IAF;RARCIU22;CABA;[-58.382672,-34.599798]
INACTIVO;SUPERINTENDENCIA DE SERVICIOS DE SALUD;RARCIU21;CABA;-
INACTIVO;AAIP;RARCIU20;CABA;-
INACTIVO;PAMI;RARCIU18;CABA;[-58.387859,-34.602373]
INACTIVO;INAES;RARCIU13;CABA;[-58.389703,-34.61]
INACTIVO;ENRE;RARCIU12;CABA;[-58.379364,-34.6]
INACTIVO;MINISTERIO DE DEFENSA;RARCIU01;CABA;[-58.368254,-34.610062]
INACTIVO;SAN CAYETANO;RARBSCY01;BUENOS AIRES;[-59.60638261,-38.35]
INACTIVO;PIPINAS;RARBPPN01;BUENOS AIRES;[-57.32740833,-35.5296611]
INACTIVO;NECOCHEA;RARBNCH02;BUENOS AIRES;-
INACTIVO;MIRAMAR;RARBMRM01;BUENOS AIRES;[-57.84047146,-38.27]
INACTIVO;PUNTA INDIO;RARBIND01;BUENOS AIRES;[-57.23600724,-35.28]
INACTIVO;FELIPE SOLA I-1;RARBFSL01;BUENOS AIRES;[-62.821492,-38.007703]
ENSERVICIO;DATACENTER TELECOM;RARBDTC01;BUENOS AIRES;[-58.68305,-34.467082]
INACTIVO;VILLA MERCEDES;RARDVME02;SAN LUIS;-
NO INTEGRADO;SMN;RARCIU88;CABA;-
NO INTEGRADO;JUAN G. BAZAN;RARPBZN01;FORMOSA;[-60.83352222,-24.5429028]
NO INTEGRADO;SACHAYOJ;RARGSHJ01;SANTIAGO DEL ESTERO;[-61.81244444,-26.67375]
NO INTEGRADO;CORONEL MANUEL L. RICO;RARGMRI01;SANTIAGO DEL ESTERO;[-61.81061111,-26.3815556]
NO INTEGRADO;CNV;RARCIU64;CABA;[-58.370856,-34.605833]
NO INTEGRADO;MINISTERIO DE SALUD;RARCIU14;CABA;[-58.38138,-34.612214]
NO INTEGRADO;SOFSE;RARCIU11;CABA;[-58.422919,-34.571735]
NO INTEGRADO;ANSES;RARCIU50;CABA;[-58.377662,-34.612336]
NO INTEGRADO;VILLA ELISA;RAREVEL01;ENTRE RIOS;[-58.39750556,-32.1697278]
NO INTEGRADO;SIERRA GRANDE;RARRSGD01;RIO NEGRO;[-65.35308056,-41.600725]
NO INTEGRADO;VILLA BURRUYACU;RARTVBY01;TUCUMAN;[-64.74297222,-26.50113889]
NO INTEGRADO;SALTA;RARASLT01;SALTA;[-65.41981111,-24.80421389]
NO INTEGRADO;EL CARAMELO;RARSCAO01;SANTA FE;[-60.715,-33.1427778]
NO INTEGRADO;CULLEN (BAJA);RARVCLN01;TIERRA DEL FUEGO;-
NO INTEGRADO;COMANDANTE LUIS PIEDRABUENA;RARZCLP01;SANTA CRUZ;[-68.92560556,-49.98555]
NO INTEGRADO;PINCHAS;RARFPCH01;LA RIOJA;[-66.95852778,-28.92633333]
NO INTEGRADO;ANILLACO;RARFANI01;LA RIOJA;[-66.928145,-28.801932]
NO INTEGRADO;AMINGA;RARFAMN01;LA RIOJA;[-66.929178,-28.848588]
NO INTEGRADO;PURMAMARCA (GNA);RARYPMM02;JUJUY;[-65.4696666667,-23.7480139]
NO INTEGRADO;PUERTO MADRYN;RARUPMD01;CHUBUT;[-65.04897222,-42.77352778]
NO INTEGRADO;CORONEL VIDAL;RARBCVD01;BUENOS AIRES;[-57.72977778,-37.44535]
NO INTEGRADO;CEIBAS;RARECEI01;ENTRE RIOS;[-58.800108,-33.497247]
NO INTEGRADO;CAMPO DURAN;RARACDN01;SALTA;[-63.67911944,-22.19858611]
INACTIVO;VILLA OJO DE AGUA;RARGVOA01;SANTIAGO DEL ESTERO;[-63.69444722,-29.5022833]
INACTIVO;FEDERAL;RAREFDR01;ENTRE RIOS;[-58.78145,-30.943125]
INACTIVO;ET CALINGASTA;RARJCAL01;SAN JUAN;[-69.450022,-31.304606]
INACTIVO;ET BAUCHACETA;RARJBHC01;SAN JUAN;[-69.276042,-30.498847]
INACTIVO;TRAMO 20;RARGTRV01;SANTIAGO DEL ESTERO;[-64.07307222,-27.7590278]
INACTIVO;SAN PEDRO;RARGSPD01;SANTIAGO DEL ESTERO;[-65.16565,-27.9551167]
INACTIVO;SAN ANTONIO (SAN ANTONIO);RARYSNT01;JUJUY;[-64.806944,-24.218611]
INACTIVO;SAN JOSE;RARKSJE01;CATAMARCA;-
INACTIVO;PUEBLO PABLO TORELO;RARGPPT01;SANTIAGO DEL ESTERO;[-62.22530556,-27.3290556]
ENSERVICIO;MECON (NODO HACIENDA 2);RARCIU51;CABA;[-58.370588,-34.609899]
INACTIVO;PUERTO TIROL;RARHPTI01;CHACO;[-59.0569583,-27.3691472]
INACTIVO;LA MISION EVANGELICA BAUTISTA;RARALMS01;SALTA;[-64.43151667,-23.37216944]
INACTIVO;ANELO;RARQANE01;NEUQUEN;[-68.78698333,-38.3525111]
INACTIVO;JOCOLI VIEJO;RARMJCV01;MENDOZA;[-68.65210556,-32.7197278]
INACTIVO;BARRIO MARIA AUXILIADORA;RARMBMA01;MENDOZA;[-68.18267583,-33.24251362]
INACTIVO;AGRELO;RARMALO01;MENDOZA;[-68.88920278,-33.1287611]
INACTIVO;TILIMUQUI;RARFTLM01;LA RIOJA;[-67.424322,-29.143247]
INACTIVO;MIRANDA;RARFMRD01;LA RIOJA;[-67.665314,-29.339932]
INACTIVO;EL MANZANO;RARMMZN01;MENDOZA;[-69.75844167,-36.1065972]
INACTIVO;ET JACHAL;RARJJCH02;SAN JUAN;-
INACTIVO;ESTACION EL SIMBOLAR;RARGSMB01;SANTIAGO DEL ESTERO;[-64.19119167,-27.6530056]
INACTIVO;MEDELLIN;RARGMLL01;SANTIAGO DEL ESTERO;[-63.78313889,-28.6523889]
INACTIVO;ALTO DE SIERRA;RARJSIE01;SAN JUAN;[-68.44099722,-31.53695]
INACTIVO;SAN CLEMENTE DEL TUYU;RARBSCT01;BUENOS AIRES;[-56.7453944444,-36.3794333333]
INACTIVO;LAGUNA BLANCA - FORMOSA;RARPLGB01;FORMOSA;[-58.24661111,-25.1311917]
INACTIVO;LA VERDE;RARHLVE01;CHACO;[-59.77433,-27.123517]
INACTIVO;ESTACION GENERAL OBLIGADO;RARHEGO01;CHACO;[-59.42015797,-27.41286799]
INACTIVO;VILLA LIBERTAD;RARNVLB01;MISIONES;[-55.310722,-27.562055]
INACTIVO;SANOGASTA;RARFSNG01;LA RIOJA;[-67.61338889,-29.33225]
INACTIVO;GUANCHIN;RARFGNC01;LA RIOJA;[-67.64527,-29.176764]
INACTIVO;COLONIA MALLIGASTA;RARFCMG01;LA RIOJA;[-67.401375,-29.19628056]
INACTIVO;ANGUINAN;RARFAGN01;LA RIOJA;[-67.46265556,-29.20029722]
INACTIVO;VILLA ESCOLAR;RARPVES01;FORMOSA;[-58.67143611,-26.6221639]
INACTIVO;HERRADURA;RARPHER01;FORMOSA;[-58.31161667,-26.4884833]
INACTIVO;PUERTO LIBERTAD;RARNLBD01;MISIONES;[-54.614741,-25.922253]
INACTIVO;ESCUELA 247;RARQ24701;NEUQUEN;[-70.27877778,-39.4984556]
INACTIVO;SAN PABLO;RARKSPB01;CATAMARCA;[-66.0275222,-28.7065111]
INACTIVO;VILLA GENERAL MITRE (EST. PINTO);RARGVGT01;SANTIAGO DEL ESTERO;[-62.644,-29.1555333]
INACTIVO;MAL PASO (GNA);RARGMLP01;SANTIAGO DEL ESTERO;[-64.297997,-27.755003]
INACTIVO;CARLOS PELLEGRINI;RARSCPL01;SANTA FE;[-61.78894991,-32.05]
INACTIVO;MINERA SANTA CRUZ;RARZMSC01;SANTA CRUZ;-
INACTIVO;LUMBRERAS;RARALUM01;SALTA;[-64.92697222,-25.21072222]
INACTIVO;PALMA SOLA;RARPPLS01;FORMOSA;[-57.97770278,-25.2474]
INACTIVO;LAGUNA NAICK-NECK;RARPLNK01;FORMOSA;[-58.116575,-25.2292167]
INACTIVO;LUCERO CUE;RARPLCU01;FORMOSA;[-58.05724722,-25.2499417]
INACTIVO;RIACHO HE-HE;RARPHEH01;FORMOSA;[-58.27475278,-25.3608306]
INACTIVO;FORTIN CABO 1° LUGONES;RARPFCL01;FORMOSA;[-59.83128889,-24.2888083]
INACTIVO;COLONIA PASTORIL;RARPCPS01;FORMOSA;[-58.26121944,-25.6717583]
INACTIVO;SANTA CATALINA;RARXSTC01;CORDOBA;-
INACTIVO;LA PLATA (TRANSENER);RARBLPL02;BUENOS AIRES;-
ENSERVICIO;CORDOBA (CANAL 10);RARXCDB02;CORDOBA;[-64.1969666667,-31.3569555556]
ENSERVICIO;MINISTERIO DE AGROINDUSTRIA;RARCIU38;CABA;[-58.368337,-34.618594]
ENSERVICIO;EDGECONNEX;RARBEDC01;BUENOS AIRES;[-58.957371,-34.41756]
NO LISTO;ANGUIL;RARLANL01;LA PAMPA;[-64.01226944,-36.5263583]
NO LISTO;MARCOS PAZ;RARBMPZ02;BUENOS AIRES;[-58.883353,-34.854614]
NO LISTO;BCRA;RARCIU72;CABA;-
NO LISTO;MINMOD - CABA 1;RARCIU04;CABA;-
ENSERVICIO;EL CHALTEN;RARZCHL01;SANTA CRUZ;[-72.89162671,-49.33]
INTERRUMPIDO;TAMBERIAS (JACHAL EDT);RARJTMR01;SAN JUAN;[-68.724089,-30.184242]
INTERRUMPIDO;TRELEW;RARUTLW01;CHUBUT;[-65.305375,-43.23383889]
ENSERVICIO;LOS SARMIENTOS;RARTLSM01;TUCUMAN;[-65.69543989,-27.41372087]
ENSERVICIO;TOMAS YOUNG;RARGTSY01;SANTIAGO DEL ESTERO;[-62.18527778,-28.6004167]
ENSERVICIO;ROVERSI;RARGRVR01;SANTIAGO DEL ESTERO;[-61.94432222,-27.5918361]
ENSERVICIO;POZO HONDO;RARGPZH01;SANTIAGO DEL ESTERO;[-64.49022222,-27.1629722]
ENSERVICIO;NUEVA ESPERANZA;RARGNEZ01;SANTIAGO DEL ESTERO;[-64.23708611,-26.1998889]
ENSERVICIO;HERNAN MEJIA MIRAVAL;RARGHMV01;SANTIAGO DEL ESTERO;[-62.46936111,-27.1775]
ENSERVICIO;HASSE;RARGHAS01;SANTIAGO DEL ESTERO;[-62.64086111,-27.0708056]
ENSERVICIO;DONADEU;RARGDDU01;SANTIAGO DEL ESTERO;[-62.72344444,-26.7225278]
ENSERVICIO;AEROLITO;RARGAER01;SANTIAGO DEL ESTERO;[-62.37972222,-27.2325278]
ENSERVICIO;ENACOM;RARCIU47;CABA;[-58.374982,-34.60948]
ENSERVICIO;DEL VISO (TELVISO);RARBPDV01;BUENOS AIRES;[-58.79658333,-34.45436111]
ENSERVICIO;ALHUAMPA;RARGALH01;SANTIAGO DEL ESTERO;[-62.54802778,-27.1282778]
ENSERVICIO;ABRA GRANDE;RARGABG01;SANTIAGO DEL ESTERO;[-64.37998333,-27.2907972]
ENSERVICIO;VILELAS;RARGVLL01;SANTIAGO DEL ESTERO;[-62.60976944,-27.9589972]
ENSERVICIO;FERNANDEZ;RARGFRZ01;SANTIAGO DEL ESTERO;[-63.88111111,-27.9285833]
ENSERVICIO;ELENA;RARXELE01;CORDOBA;[-64.397662,-32.568444]
ENSERVICIO;EL TIO;RARXETI01;CORDOBA;[-62.82955556,-31.38136667]
ENSERVICIO;TAPSO;RARGTPS01;SANTIAGO DEL ESTERO;[-65.09449167,-28.4023778]
ENSERVICIO;SEDRONAR;RARCIU33;CABA;[-58.374445,-34.604628]
ENSERVICIO;INGENIERO FORRES;RARGIGF01;SANTIAGO DEL ESTERO;[-63.97153611,-27.8710139]
ENSERVICIO;ESTACION TABOADA;RARGETB01;SANTIAGO DEL ESTERO;[-63.74744444,-28.0075278]
ENSERVICIO;BELTRAN;RARGBLT01;SANTIAGO DEL ESTERO;[-64.06435,-27.8289139]
ENSERVICIO;ESTACION ATAMISQUI;RARGATQ01;SANTIAGO DEL ESTERO;[-63.90772574,-28.5]
ENSERVICIO;RAPELLI;RARGRPL01;SANTIAGO DEL ESTERO;[-64.49976111,-26.3915528]
ENSERVICIO;QUIMILI;RARGQML01;SANTIAGO DEL ESTERO;[-62.41961111,-27.6408889]
ENSERVICIO;CAMPO GALLO;RARGCPG01;SANTIAGO DEL ESTERO;[-62.84458333,-26.5821778]
ENSERVICIO;TERMAS DE RIO HONDO;RARGTRH01;SANTIAGO DEL ESTERO;[-64.866223,-27.49858]
ENSERVICIO;COLONIA NUEVA CONETA;RARKCNC01;CATAMARCA;[-65.834958,-28.579003]
ENSERVICIO;LOS JURIES;RARGLJS01;SANTIAGO DEL ESTERO;[-62.11080278,-28.4636528]
ENSERVICIO;DURAZNO;RAREDUZ01;ENTRE RIOS;[-59.28122222,-31.98889722]
ENSERVICIO;CAMINO DEL BUEN AYRE - AUSOL;RARBCBA01;BUENOS AIRES;[-58.589017,-34.487261]
ENSERVICIO;RIO GRANDE;RARVRGR01;TIERRA DEL FUEGO;[-67.76862,-53.7394]
ENSERVICIO;YPF ENSENADA;RARBYPF01;BUENOS AIRES;[-57.902561,-34.873381]
ENSERVICIO;ITUZAINGO;RARWITZ02;CORRIENTES;[-56.674812,-27.567935]
NO LISTO;RODEO;RARJERO01;SAN JUAN;[-69.13361324,-30.21]
ENSERVICIO;ACUMAR;RARCIU10;CABA;[-58.377916,-34.605313]
ENSERVICIO;GERMANIA;RARBGRM01;BUENOS AIRES;[-62.05183069,-34.58]
ENSERVICIO;FEDERAL;RAREFDR02;ENTRE RIOS;[-58.78145,-30.943125]
ENSERVICIO;AFIP;RARCIU65;CABA;[-58.369694,-34.615243]
ENSERVICIO;LABORATORIO BALBIN - AUSOL;RARBLTB01;BUENOS AIRES;[-58.500303,-34.550133]
ENSERVICIO;SANTA MARIA;RARGSMR01;SANTIAGO DEL ESTERO;[-64.22125,-27.949291]
ENSERVICIO;ARRAGA;RARGARR01;SANTIAGO DEL ESTERO;[-64.22386341,-28.04970885]
ENSERVICIO;GRANADERO GATICA;RARGGRG01;SANTIAGO DEL ESTERO;[-62.71597222,-26.8747778]
ENSERVICIO;LOS CARDOZOS;RARGCZS01;SANTIAGO DEL ESTERO;[-64.16464722,-27.9455194]
ENSERVICIO;VILLA SAN MARTIN (EST. LORETO);RARGVSM01;SANTIAGO DEL ESTERO;[-64.18825556,-28.30225]
ENSERVICIO;SIMBOL;RARGSIM01;SANTIAGO DEL ESTERO;[-62.226403,-27.328063]
ENSERVICIO;BANDERA BAJADA;RARGBJA01;SANTIAGO DEL ESTERO;[-63.51061667,-27.27755]
ENSERVICIO;NUEVA FRANCIA;RARGNVF01;SANTIAGO DEL ESTERO;[-64.19946667,-28.1834222]
ENSERVICIO;TIMBUES;RARSTMB01;SANTA FE;[-60.78831667,-32.6709667]
ENSERVICIO;RENAPER;RARCIU46;CABA;[-58.376144,-34.606439]
ENSERVICIO;MINISTERIO DE MEDIO AMBIENTE;RARCIU28;CABA;[-58.373762,-34.602768]
ENSERVICIO;MINISTERIO DE JUSTICIA;RARCIU35;CABA;[-58.371548,-34.604239]
ENSERVICIO;MINISTERIO DE TRABAJO;RARCIU31;CABA;[-58.370815,-34.600476]
ENSERVICIO;CCK;RARCIU36;CABA;[-58.369501,-34.603649]
ENSERVICIO;FATIMA;RARBFTI01;BUENOS AIRES;[-58.97469129,-34.40725758]
ENSERVICIO;CNRT;RARCIU49;CABA;[-58.3768,-34.607285]
ENSERVICIO;MINISTERIO DE SEGURIDAD;RARCIU30;CABA;[-58.367107,-34.614724]
ENSERVICIO;CASA ROSADA;RARCIU45;CABA;[-58.370326,-34.608252]
ENSERVICIO;LEGAL Y TECNICA BOLETIN OFICIAL;RARCIU15;CABA;[-58.379672,-34.6]
ENSERVICIO;MINISTERIO DEL INTERIOR;RARCIU34;CABA;[-58.370283,-34.605649]
ENSERVICIO;SIP - EMPLEO PUBLICO (ROQUE SAENZ PEŃA 511);RARCIU79;CABA;[-58.373823,-34.607592]
ENSERVICIO;RSP 788;RARCIU67;CABA;[-58.377545,-34.606181]
ENSERVICIO;SAMPACHO (SILICA);RARXSMP03;CORDOBA;[-64.802967,-33.443717]
ENSERVICIO;MONTE FLORES (BARRIO DON MANUEL);RARSMFS01;SANTA FE;[-60.63552267,-33.08]
ENSERVICIO;BELGRANO - AUSOL;RARBBLG01;BUENOS AIRES;[-58.626331,-34.483244]
ENSERVICIO;RUTA 197 - AUSOL;RARB19701;BUENOS AIRES;[-58.656558,-34.476706]
ENSERVICIO;RUTA 202 - AUSOL;RARB20201;BUENOS AIRES;[-58.609839,-34.485656]
ENSERVICIO;CAMINO REAL - AUSOL;RARBCRL01;BUENOS AIRES;[-58.580331,-34.487953]
ENSERVICIO;CAPITAN SAN MARTIN - AUSOL;RARBCST01;BUENOS AIRES;[-58.565714,-34.490853]
ENSERVICIO;QUINTA DE OLIVOS;RARBQOV01;BUENOS AIRES;[-58.48025,-34.514601]
ENSERVICIO;ESCUADRON 53 (GNA);RARYE5301;JUJUY;[-65.2911111111,-24.2187722222]
ENSERVICIO;CABO VIRGENES (ENAP);RARZCBV01;SANTA CRUZ;[-68.397925,-52.328361]
ENSERVICIO;SAN SEBASTIAN;RARVSEB01;TIERRA DEL FUEGO;[-68.45608,-53.29878]
ENSERVICIO;USHUAIA;RARVUSH01;TIERRA DEL FUEGO;[-68.22458,-54.78612]
ENSERVICIO;VILLA ATAMISQUI;RARGVAQ01;SANTIAGO DEL ESTERO;[-63.81770278,-28.4999917]
ENSERVICIO;YERBA BUENA;RARTYBM01;TUCUMAN;[-65.26475,-26.812258]
ENSERVICIO;OTUMPA;RARGOTP01;SANTIAGO DEL ESTERO;[-62.226403,-27.328063]
ENSERVICIO;BARRANCAS (EX LAS JUNTAS);RARKBRC01;CATAMARCA;[-67.119359,-27.536103]
ENSERVICIO;INVAP;RARRINV01;RIO NEGRO;[-71.241614,-41.124955]
ENSERVICIO;AUSOL;RARBASL01;BUENOS AIRES;[-58.550417,-34.497514]
ENSERVICIO;MINISTERIO DE PRODUCCION;RARCIU37;CABA;[-58.375856,-34.610828]
ENSERVICIO;MINISTERIO DE DESARROLLO SOCIAL;RARCIU42;CABA;[-58.381387,-34.612267]
ENSERVICIO;CENTRO NACIONAL DE ENERGIA ATOMICA (CNEA);RARRCNA01;RIO NEGRO;[-71.413664,-41.11857]
ENSERVICIO;RIO MUERTO;RARHRMU01;CHACO;[-61.6602277,-26.3065083]
ENSERVICIO;QUITILIPI;RARHQTL01;CHACO;[-60.193125,-26.8836917]
ENSERVICIO;NAPENAY;RARHNPY01;CHACO;[-60.6186944,-26.7316666]
ENSERVICIO;MACHAGAI;RARHMCH01;CHACO;[-60.0475833,-26.9294305]
ENSERVICIO;MARGARITA BELEN;RARHMBL01;CHACO;[-58.9687055,-27.2587583]
ENSERVICIO;TOLHUIN;RARVTOL01;TIERRA DEL FUEGO;[-67.18921,-54.5112]
ENSERVICIO;CANADON ALFA;RARVCNA01;TIERRA DEL FUEGO;[-68.57622,-52.7424]
ENSERVICIO;LOS CHIRIGUANOS;RARPLCG01;FORMOSA;[-61.46661389,-24.0999944]
ENSERVICIO;MARIANO BOEDO;RARPMBO01;FORMOSA;[-58.48799167,-26.1128333]
ENSERVICIO;PALO SANTO;RARPPST01;FORMOSA;[-59.34210278,-25.5675611]
ENSERVICIO;POZO DEL MORTERO;RARPPZM01;FORMOSA;[-61.02980833,-24.4055611]
ENSERVICIO;POZO DEL TIGRE;RARPPZT01;FORMOSA;[-60.32595556,-24.9008389]
ENSERVICIO;SAN HILARIO;RARPSNH01;FORMOSA;[-58.65068333,-26.0235222]
ENSERVICIO;ESTANISLAO DEL CAMPO;RARPEDC01;FORMOSA;[-60.09175833,-25.0561528]
ENSERVICIO;COMANDANTE FONTANA;RARPCFT01;FORMOSA;[-59.68851667,-25.3338083]
ENSERVICIO;VILLA MAZAN;RARFVMZ01;LA RIOJA;[-66.537425,-28.650722]
ENSERVICIO;VILLA LAGO MELIQUINA;RARQMLQ01;NEUQUEN;[-71.382392,-40.318347]
ENSERVICIO;LA BANDA;RARGBAA01;SANTIAGO DEL ESTERO;[-64.260998,-27.759561]
ENSERVICIO;INDEC;RARCIU43;CABA;[-58.375169,-34.610239]
ENSERVICIO;SENDA HACHADA (GNA) - DESVINCULADO;RARASNH01;SALTA;[-63.909881,-23.019582]
ENSERVICIO;CHUCUL (SILICA);RARXCHC01;CORDOBA;[-64.183133,-33.019067]
INACTIVO;VILLA LA PUNTA;RARGVLP01;SANTIAGO DEL ESTERO;[-64.79493056,-28.3688111]
INACTIVO;RAMIREZ DE VELAZCO;RARGRDZ01;SANTIAGO DEL ESTERO;[-63.4755,-29.2276667]
INACTIVO;LAVALLE;RARGLVL01;SANTIAGO DEL ESTERO;[-65.10384167,-28.1916722]
INACTIVO;LOS TELARES;RARGLTS01;SANTIAGO DEL ESTERO;[-63.45297222,-28.9862222]
INACTIVO;ESTACION LA PUNTA;RARGELP01;SANTIAGO DEL ESTERO;[-64.75557778,-28.4112556]
INACTIVO;CHOYA;RARGCHY01;SANTIAGO DEL ESTERO;[-64.85788611,-28.4961444]
INACTIVO;CHILCA JULIANA;RARGCHJ01;SANTIAGO DEL ESTERO;[-63.57591667,-28.7977222]
ENSERVICIO;THEOBALD;RARSTHE01;SANTA FE;[-60.31361111,-33.30974444]
INACTIVO;SANTO TOME I-1;RARSSTM02;SANTA FE;[-60.79196111,-31.6561472]
INACTIVO;MOJON GRANDE;RARNMJG01;MISIONES;[-55.15783333,-27.7136111]
INACTIVO;PERDRIEL;RARMPDR01;MENDOZA;[-68.888475,-33.0748583]
INACTIVO;PAGANCILLO;RARFPAG01;LA RIOJA;[-68.10175278,-29.5438333]
INACTIVO;MALLIGASTA;RARFMLL01;LA RIOJA;[-67.43204722,-29.1693111]
NO LISTO;CENTRO FORESTAL;RARYCFR01;JUJUY;[-65.17823611,-24.22884167]
INACTIVO;POSTA CAMBIO ZALAZAR;RARPPCS01;FORMOSA;[-60.19623056,-24.2130556]
ENSERVICIO;LUCAS GONZALEZ;RARELGZ01;ENTRE RIOS;[-59.52877222,-32.3888056]
INACTIVO;COLONIA YERUA;RARECYR01;ENTRE RIOS;[-58.11948037,-31.44088968]
INACTIVO;DIADEMA ARGENTINA;RARUDIA01;CHUBUT;[-67.67389257,-45.79060892]
INACTIVO;VILLA ESPIL;RARBCEP01;BUENOS AIRES;[-59.3375,-34.5061111]
ENSERVICIO;TECNOPOLIS;RARBTNP01;BUENOS AIRES;[-58.506165,-34.559176]
ENSERVICIO;LAGUNA VITEL;RARBLGV01;BUENOS AIRES;[-58.137444,-35.54325]
ENSERVICIO;GENERAL DEHEZA;RARXGDH01;CORDOBA;[-63.83031944,-32.78053889]
ENSERVICIO;VILLA CONSTITUCION;RARSVCN01;SANTA FE;[-60.337533,-33.233367]
ENSERVICIO;RAFAELA;RARSRFL01;SANTA FE;[-61.4698027778,-31.2261111111]
ENSERVICIO;SAN JOSE VILLA;RARKSJV01;CATAMARCA;[-66.073131,-26.80637]
ENSERVICIO;SAUCE MONTRULL;RAREMLL01;ENTRE RIOS;[-60.441966,-31.779205]
ENSERVICIO;ESTACION ESCRINA (DESVINCULADO);RAREECR01;ENTRE RIOS;[-58.905059,-32.594733]
ENSERVICIO;SALVADOR MARIA;RARBSIA01;BUENOS AIRES;[-59.172833,-35.300167]
ENSERVICIO;LAGUNA DE LOBOS;RARBLLO01;BUENOS AIRES;[-59.134056,-35.274742]
INACTIVO;COPO QUILE;RARACPQ01;SALTA;[-64.68319146,-26.03]
ENSERVICIO;ET PIRAYU;RARWPRY01;CORRIENTES;[-58.566263,-27.32255]
INACTIVO;CASTELLI;RARBCTE01;BUENOS AIRES;[-57.80718016,-36.09]
ENSERVICIO;SALTO;RARBSLT01;BUENOS AIRES;[-60.246444,-34.30625]
ENSERVICIO;BARRIO CASA ROSADA;RARTBCR01;TUCUMAN;[-65.4272,-27.04634722]
ENSERVICIO;PUERTO GENERAL SAN MARTIN;RARSPGS01;SANTA FE;[-60.730815,-32.71692]
ENSERVICIO;OPEN DOOR;RARBODO01;BUENOS AIRES;[-59.07435833,-34.4904861]
ENSERVICIO;LAS MOSCAS;RAREMOS01;ENTRE RIOS;[-58.95808333,-32.0905556]
ENSERVICIO;PARAJE PAVON (LA ESMERALDA);RARBPVN01;BUENOS AIRES;[-56.73279722,-36.7125944]
ENSERVICIO;PASO DE LA LAGUNA;RAREPDL01;ENTRE RIOS;[-59.15913889,-31.8015833]
ENSERVICIO;DON CRISTOBAL (DESVINCULADO);RARECRI01;ENTRE RIOS;[-59.9941,-32.07224444]
ENSERVICIO;FRAY LUIS BELTRAN;RARSFLB01;SANTA FE;[-60.72895278,-32.7880361]
ENSERVICIO;LAGUNA ALSINA;RARBLGN01;BUENOS AIRES;[-62.250944,-36.807011]
ENSERVICIO;ALTAMIRANO SUR;RAREALS01;ENTRE RIOS;[-59.1749,-32.095295]
ENSERVICIO;ADELIA MARIA (DESVINCULADO);RARXADM01;CORDOBA;[-64.012922,-33.633258]
ENSERVICIO;SALTO ENCANTADO;RARNSTN01;MISIONES;[-54.83634444,-27.08553889]
ENSERVICIO;TUPELI;RARJTUP01;SAN JUAN;[-68.355148,-31.835497]
ENSERVICIO;GENERAL RAMIREZ;RAREGRM01;ENTRE RIOS;[-60.19952778,-32.1691944]
ENSERVICIO;VILLA DOMINGUEZ;RAREDOM01;ENTRE RIOS;[-58.96513056,-31.986225]
ENSERVICIO;BARRIO JUSTO P. CASTRO IV;RARJJPC01;SAN JUAN;[-68.302285,-31.627767]
ENSERVICIO;VILLA CASTELAR;RARBVCR01;BUENOS AIRES;[-62.803982,-37.392995]
ENSERVICIO;GUAMINI;RARBGMN01;BUENOS AIRES;[-62.42320278,-37.0152417]
ENSERVICIO;FORTIN TIBURCIO;RARBTIB01;BUENOS AIRES;[-61.13296944,-34.3467333]
ENSERVICIO;MAGDALA;RARBMGL01;BUENOS AIRES;[-61.722633,-36.08532]
ENSERVICIO;HENDERSON;RARBHRS01;BUENOS AIRES;[-61.72328611,-36.2973889]
ENSERVICIO;VILLA LOS LLANOS;RARXVLC01;CORDOBA;[-64.16426944,-31.2778861]
ENSERVICIO;VILLA QUINTEROS;RARTVQI01;TUCUMAN;[-65.54364167,-27.25446389]
ENSERVICIO;LOS ZAZOS;RARTLZZ01;TUCUMAN;[-65.88277778,-26.6130556]
ENSERVICIO;LAZZARINO;RARSLAZ01;SANTA FE;[-62.42919444,-34.16475]
ENSERVICIO;BARRIO MITRE;RARSBMI01;SANTA FE;[-60.38819444,-33.25204167]
ENSERVICIO;VILLA SAN MARCIAL;RAREVSM01;ENTRE RIOS;[-58.92969444,-32.1799722]
ENSERVICIO;VIALE;RAREVIA01;ENTRE RIOS;[-60.00747222,-31.87345]
ENSERVICIO;VILLA CLARA;RAREVCL01;ENTRE RIOS;[-58.82408333,-31.83051667]
ENSERVICIO;TABOSSI;RARETBS01;ENTRE RIOS;[-59.93928333,-31.8008472]
ENSERVICIO;SAN BENITO (DESVINCULADO);RARESBE01;ENTRE RIOS;[-60.44168889,-31.77916667]
ENSERVICIO;SANTA ANITA;RARESAN01;ENTRE RIOS;[-58.78955556,-32.1788056]
ENSERVICIO;ROSARIO DEL TALA;RARERDT01;ENTRE RIOS;[-59.13101389,-32.30319722]
ENSERVICIO;LAGUNA DEL PESCADO;RARELDP01;ENTRE RIOS;[-60.01425,-32.68591667]
ENSERVICIO;JUBILEO;RAREJUB01;ENTRE RIOS;[-58.63352778,-31.73344444]
ENSERVICIO;IRAZUSTA;RAREIRZ01;ENTRE RIOS;[-58.9549,-32.9271722]
ENSERVICIO;LAS GUACHAS;RAREGUA01;ENTRE RIOS;[-59.17319444,-32.4677222]
ENSERVICIO;GUARDAMONTE;RAREGMT01;ENTRE RIOS;[-59.30802778,-32.08483333]
ENSERVICIO;GOBERNADOR MANSILLA;RAREGMA01;ENTRE RIOS;[-59.35452778,-32.5477222]
ENSERVICIO;GENERAL CAMPOS;RAREGCM01;ENTRE RIOS;[-58.40852778,-31.52683333]
ENSERVICIO;GOBERNADOR FEBRE;RAREFEB01;ENTRE RIOS;[-59.91341944,-32.47481944]
ENSERVICIO;ESTANCIA SAN PEDRO;RAREESP01;ENTRE RIOS;[-58.64832778,-32.34246944]
ENSERVICIO;ESTACION RAICES;RAREERC01;ENTRE RIOS;[-59.25994444,-31.91]
ENSERVICIO;ESTACION LAZO (DESVINCULADO);RAREELZ01;ENTRE RIOS;[-59.42205556,-32.8705556]
ENSERVICIO;ESTACION CAMPS;RAREECM01;ENTRE RIOS;[-60.22819444,-32.1110278]
ENSERVICIO;ALDEA ASUNCION;RAREASU01;ENTRE RIOS;[-59.22669444,-32.8293611]
ENSERVICIO;ALDEA SANTA ROSA;RAREASS01;ENTRE RIOS;[-60.24024167,-32.0135056]
ENSERVICIO;ALDEA SAN RAFAEL;RAREASR01;ENTRE RIOS;[-60.25404167,-31.95757778]
ENSERVICIO;ALDEA SAN JUAN;RAREASJ01;ENTRE RIOS;[-58.76741667,-32.6975111]
ENSERVICIO;ALDEA SAN ISIDRO;RAREASI01;ENTRE RIOS;[-58.99875,-30.97286111]
ENSERVICIO;ALDEA SAN ANTONIO;RAREASA01;ENTRE RIOS;[-58.70305,-32.624134]
ENSERVICIO;TUCLAME;RARXTCL01;CORDOBA;[-65.23775,-30.74715278]
ENSERVICIO;SAN BASILIO;RARXSBS01;CORDOBA;[-64.312453,-33.49868]
ENSERVICIO;PARQUE NORTE;RARXPNO01;CORDOBA;[-64.17578333,-31.29548889]
ENSERVICIO;PILAR;RARXPIL01;CORDOBA;[-63.88044444,-31.68173889]
ENSERVICIO;MONTE DE LOS GAUCHOS;RARXMGU01;CORDOBA;[-63.89060278,-33.63819444]
ENSERVICIO;MALENA;RARXMAE01;CORDOBA;[-64.437079,-33.49045]
ENSERVICIO;CORONEL MOLDES (DESVINCULADO);RARXCRS01;CORDOBA;[-64.592501,-33.616438]
ENSERVICIO;CHUNA;RARXCHU01;CORDOBA;[-64.66612222,-30.46912222]
ENSERVICIO;JOCOLI;RARMJOC01;MENDOZA;[-68.6657,-32.58168056]
ENSERVICIO;ZAVALIA;RARBZAV01;BUENOS AIRES;[-61.007927,-34.89458]
ENSERVICIO;SALLIQUELO;RARBTAT01;BUENOS AIRES;[-62.9604,-36.7517667]
ENSERVICIO;ROJAS;RARBROJ01;BUENOS AIRES;[-60.72754,-34.208253]
ENSERVICIO;RAFAEL OBLIGADO;RARBROG01;BUENOS AIRES;[-60.782604,-34.355977]
ENSERVICIO;RIVERA;RARBRIV01;BUENOS AIRES;[-63.244268,-37.155926]
ENSERVICIO;SAN ANTONIO (SAN PEDRO);RARYSAT01;JUJUY;[-64.806944,-24.218611]
ENSERVICIO;PARADA LABOUGLE;RARWLAB01;CORRIENTES;[-57.72999444,-30.317325]
ENSERVICIO;LOMAS DEL RIO LUJAN;RARBLUJ01;BUENOS AIRES;[-58.891861,-34.281169]
ENSERVICIO;LINCOLN;RARBLNC01;BUENOS AIRES;[-61.5125,-34.8688333]
ENSERVICIO;LUCAS MONTEVERDE (DESVINCULADO);RARBLMV01;BUENOS AIRES;[-59.989922,-35.485103]
ENSERVICIO;PUERTO BERMEJO VIEJO (DESVINCULADO);RARHPBV01;CHACO;[-58.509167,-26.929722]
ENSERVICIO;INGENIERO THOMPSON;RARBITH01;BUENOS AIRES;[-62.91444167,-36.6117472]
ENSERVICIO;DIEGO GAYNOR;RARBGAY01;BUENOS AIRES;[-59.22168056,-34.28727778]
ENSERVICIO;DEL CARRIL;RARBDCR01;BUENOS AIRES;[-59.51580556,-35.50838889]
ENSERVICIO;GONZALEZ MORENO;RARBGOM01;BUENOS AIRES;[-63.380939,-35.557077]
ENSERVICIO;CHASICO;RARBCHS01;BUENOS AIRES;[-62.644858,-38.335817]
ENSERVICIO;COUNTRY CLUB EL CASCO;RARBCCB01;BUENOS AIRES;[-59.08610556,-34.12682778]
ENSERVICIO;CAZON;RARBCAZ01;BUENOS AIRES;[-59.66033611,-35.57500833]
ENSERVICIO;VILLA LAGUNA LA BRAVA;RARBBRA01;BUENOS AIRES;[-57.980419,-37.856886]
ENSERVICIO;CARHUE;RARBCAH01;BUENOS AIRES;[-62.76183889,-37.1803611]
ENSERVICIO;BARRIO LOMAS ALTAS;RARBBLS01;BUENOS AIRES;[-58.06786667,-35.58551111]
ENSERVICIO;BARRIO EL TALADRO;RARBBET01;BUENOS AIRES;[-58.86511111,-35.0715]
ENSERVICIO;AZUCENA;RARBAZU01;BUENOS AIRES;[-59.293325,-37.48694167]
ENSERVICIO;ARRIBENOS;RARBARR01;BUENOS AIRES;[-61.35876,-34.208346]
ENSERVICIO;AMERICA;RARBAMC01;BUENOS AIRES;[-62.970023,-35.494459]
ENSERVICIO;SAN PEDRO (GNA);RARYSPJ;JUJUY;[-64.9,-24.260833]
ENSERVICIO;TORNQUIST;RARBTQN01;BUENOS AIRES;[-62.21677778,-38.1058611]
ENSERVICIO;LAPRIDA;RARBLPD01;BUENOS AIRES;[-60.81233333,-37.5468056]
ENSERVICIO;CONESA;RARBCNS01;BUENOS AIRES;[-60.35721667,-33.5919722]
ENSERVICIO;PAMPA DEL RINCON (TASA);RARVPDR;TIERRA DEL FUEGO;[-68.480889,-52.813639]
ENSERVICIO;LA CAROLINA (CAMPOS DEL OESTE);RARSLCR;SANTA FE;[-60.695633,-33.076256]
ENSERVICIO;COLON;RARBCOL01;BUENOS AIRES;[-61.09956051,-33.89786336]
ENSERVICIO;MARIANO H. ALFONZO;RARBMHA01;BUENOS AIRES;[-60.836028,-33.91575]
ENSERVICIO;EDIFICIO LIBERTADOR;RARCIU66;CABA;[-58.368611,-34.609444]
ENSERVICIO;URIBELARREA;RARBURI01;BUENOS AIRES;[-58.891403,-35.123633]
ENSERVICIO;PRESIDENCIA DE LA PLAZA;RARHPPZ02;CHACO;[-59.845511,-27.001083]
ENSERVICIO;MANFREDI (SILICA);RARXMNF02;CORDOBA;[-63.744633,-31.8408]
ENSERVICIO;DAIREAUX;RARBDRX01;BUENOS AIRES;[-61.74971111,-36.5965833]
ENSERVICIO;COLONIA SANTA MARIA;RARECSM01;ENTRE RIOS;[-58.17001944,-30.6126889]
ENSERVICIO;EL ARBOLITO;RARBARB01;BUENOS AIRES;[-60.945069,-33.914387]
ENSERVICIO;ARBILLA (ARBILLA II);RARSARB01;SANTA FE;[-60.70315,-33.103814]
ENSERVICIO;PAMPA CURACO;RARQPCR01;NEUQUEN;[-70.342,-39.622278]
ENSERVICIO;DERQUI;RARBDRQ;BUENOS AIRES;[-58.84225,-34.4913]
ENSERVICIO;LA QUIACA (ZONA FRANCA);RARYLAQ02;JUJUY;[-65.591211,-22.105858]
ENSERVICIO;NAHUEL NIYEU;RARRNNY01;RIO NEGRO;[-66.56407,-40.50434]
ENSERVICIO;POLO TECNOLOGICO GODOY CRUZ;RARMPTG;MENDOZA;[-68.854923,-32.921528]
ENSERVICIO;PAICONE;RARYPCN01;JUJUY;[-66.42425,-22.21833333]
ENSERVICIO;CANAL 5 PUERTO IGUAZU;RARNCNL01;MISIONES;[-54.57394,-25.609141]
ENSERVICIO;FONTANA;RARHFON01;CHACO;[-59.032583,-27.418097]
ENSERVICIO;BARRIO EL PORTAL;RARTBEP01;TUCUMAN;[-65.39209722,-27.03676111]
ENSERVICIO;BANDERALO;RARBBAN01;BUENOS AIRES;[-63.371984,-35.011151]
ENSERVICIO;COYAGUAYMA;RARYCYU01;JUJUY;[-66.44111111,-22.77222222]
ENSERVICIO;OROSMAYO;RARYOSY01;JUJUY;[-66.35611111,-22.55583333]
ENSERVICIO;LA COLINA;RARBLCL01;BUENOS AIRES;[-61.540074,-37.360116]
ENSERVICIO;GENERAL ARENALES;RARBGAN01;BUENOS AIRES;[-61.30562778,-34.30446797]
ENSERVICIO;COLONIA SAN MARTIN;RARBCOM01;BUENOS AIRES;[-62.33258611,-37.97708889]
ENSERVICIO;BELLA ITALIA;RARSBIT01;SANTA FE;[-61.40939167,-31.2823583]
ENSERVICIO;LIBAROS;RARELIB01;ENTRE RIOS;[-58.90908333,-32.25975]
ENSERVICIO;INGENIERO MIGUEL SAJAROFF;RARESAJ01;ENTRE RIOS;[-58.84758333,-31.9560833]
ENSERVICIO;GILBERT;RAREGIL01;ENTRE RIOS;[-58.93338056,-32.537125]
ENSERVICIO;GENERAL ALMADA;RAREGLD01;ENTRE RIOS;[-58.80555556,-32.837]
ENSERVICIO;FAUSTINO M. PARERA;RAREFMP01;ENTRE RIOS;[-58.881475,-32.8037]
ENSERVICIO;ALDEA VALLE MARIA;RAREAVM01;ENTRE RIOS;[-60.58501111,-31.9866444]
ENSERVICIO;ARROYO DE LA CRUZ;RARBACZ01;BUENOS AIRES;[-59.11138889,-34.3366861]
ENSERVICIO;ESTANCIA GRANDE;RAREEGR01;ENTRE RIOS;[-58.175501,-31.482037]
ENSERVICIO;ANTELO;RAREANT01;ENTRE RIOS;[-60.03477778,-32.533375]
ENSERVICIO;VILLA LIBERTADOR SAN MARTIN;RAREVLS01;ENTRE RIOS;[-60.45166667,-32.0666667]
ENSERVICIO;BARRIO VIRGEN DEL ROSARIO;RARMVDR01;MENDOZA;[-68.313,-32.70246667]
ENSERVICIO;BARRIO LA PALMERA;RARMPAL01;MENDOZA;[-68.56031944,-32.72132222]
ENSERVICIO;SAN VICTOR;RAREVIC01;ENTRE RIOS;[-59.03319444,-30.489175]
ENSERVICIO;ROCAMORA;RAREROC01;ENTRE RIOS;[-58.96866667,-32.34185556]
ENSERVICIO;SANTA TRINIDAD;RARBSTI01;BUENOS AIRES;[-61.92405833,-37.4877306]
ENSERVICIO;CURAMALAL (DESVINCULADO);RARBCMA01;BUENOS AIRES;[-62.10691667,-37.48565]
ENSERVICIO;ARROYO CORTO;RARBARC01;BUENOS AIRES;[-62.3107527778,-37.5143444444]
ENSERVICIO;VILLA DEL PLATA;RARSVDP01;SANTA FE;[-60.71047778,-33.127075]
ENSERVICIO;SAN LORENZO;RARSSLZ01;SANTA FE;[-60.73253333,-32.7482583]
ENSERVICIO;NAVARRO;RARBNVR01;BUENOS AIRES;[-59.28185278,-35.0089278]
ENSERVICIO;CAPITAN BERMUDEZ (DESVINCULADO);RARSCBZ01;SANTA FE;[-60.71730278,-32.8220889]
ENSERVICIO;LOBOS;RARBLOB01;BUENOS AIRES;[-59.08208333,-35.19045]
ENSERVICIO;SAN MIGUEL DEL MONTE;RARBSMM01;BUENOS AIRES;[-58.81475,-35.4475556]
ENSERVICIO;COMANDANTE ANDRESITO;RARNAND01;MISIONES;[-54.04119444,-25.67647222]
ENSERVICIO;LA ADELA;RARLLAL01;LA PAMPA;[-64.10068611,-38.97763056]
ENSERVICIO;HERRERA;RAREHRR01;ENTRE RIOS;[-58.63621667,-32.4343917]
ENSERVICIO;LOPEZ LECUBE;RARBLEC01;BUENOS AIRES;[-62.72511944,-38.1178417]
ENSERVICIO;BARRIO MARTINEZ SARAVIA (DESVINCULADO);RARABMS01;SALTA;[-63.80631667,-22.57591111]
ENSERVICIO;GENERAL ALVEAR;RARBGAL01;BUENOS AIRES;[-60.00274167,-36.0213556]
ENSERVICIO;MACIA;RAREMAC01;ENTRE RIOS;[-59.39627778,-32.1703889]
ENSERVICIO;GRANADERO BAIGORRIA;RARSGBA01;SANTA FE;[-60.69941667,-32.8696389]
ENSERVICIO;LOS TOLDOS;RARBLTD01;BUENOS AIRES;[-61.040231,-35.001583]
ENSERVICIO;HERNANDEZ;RAREHER01;ENTRE RIOS;[-60.02527778,-32.3332778]
ENSERVICIO;VILLA GDOR. LUIS F. ETCHEVEHERE;RAREETC01;ENTRE RIOS;[-60.42751389,-31.93295]
ENSERVICIO;BETBEDER;RAREBET01;ENTRE RIOS;[-59.92775556,-32.373275]
ENSERVICIO;ARANGUREN;RAREANG01;ENTRE RIOS;[-60.155875,-32.2444861]
ENSERVICIO;20 DE SEPTIEMBRE;RAREXXS01;ENTRE RIOS;[-59.66160833,-32.3908194]
ENSERVICIO;GOBERNADOR ECHAGÜE;RAREGEG01;ENTRE RIOS;[-59.27514167,-32.3945333]
ENSERVICIO;25 DE MAYO;RARBVCM01;BUENOS AIRES;[-60.17478889,-35.4429806]
ENSERVICIO;TRES LOMAS;RARBTTS01;BUENOS AIRES;[-62.865686,-36.465908]
ENSERVICIO;SAN JOSE;RARBSSE01;BUENOS AIRES;[-61.921375,-37.50655]
ENSERVICIO;PUAN;RARBPUA01;BUENOS AIRES;[-62.768711,-37.549146]
ENSERVICIO;AIMOGASTA;RARFAIM01;LA RIOJA;[-66.798025,-28.56672778]
ENSERVICIO;SAAVEDRA;RARBSVD01;BUENOS AIRES;[-62.34704444,-37.7625722]
ENSERVICIO;ESTACION GENERAL RACEDO;RAREGRD01;ENTRE RIOS;[-60.40798333,-31.9853667]
ENSERVICIO;VILLA MANTERO;RAREMAN01;ENTRE RIOS;[-58.74672222,-32.3946667]
ENSERVICIO;ALFREDO DEMARCHI (EST. FACUNDO QUIROGA);RARBADM01;BUENOS AIRES;[-61.40713333,-35.2937972]
ENSERVICIO;CANADON SECO;RARZCSE01;SANTA CRUZ;[-67.60674444,-46.56157222]
ENSERVICIO;TAPALQUE;RARBTPQ01;BUENOS AIRES;[-60.03127222,-36.3609778]
ENSERVICIO;SEGUI;RARESGI01;ENTRE RIOS;[-60.12542222,-31.9606028]
ENSERVICIO;PUERTO RUIZ;RAREPRZ01;ENTRE RIOS;[-59.36337222,-33.2212222]
ENSERVICIO;PLAZA HUINCUL;RARQPCL01;NEUQUEN;[-69.192562,-38.932112]
ENSERVICIO;ESTACION ARROYO CLE;RARECLE01;ENTRE RIOS;[-59.40154444,-32.6346694]
ENSERVICIO;ENRIQUE CARBO;RAREQCB01;ENTRE RIOS;[-59.211575,-33.1525889]
ENSERVICIO;RAUCH;RARBRUH01;BUENOS AIRES;[-59.07728889,-36.7756111]
ENSERVICIO;AYACUCHO;RARBAYA01;BUENOS AIRES;[-58.47072222,-37.14957222]
ENSERVICIO;SALADILLO;RARBSAL01;BUENOS AIRES;[-59.78676111,-35.6348444]
ENSERVICIO;ROQUE PEREZ;RARBRQP01;BUENOS AIRES;[-59.34028333,-35.4019944]
ENSERVICIO;SAN MIGUEL DE TUCUMAN (MPLS);RARTTCM02;TUCUMAN;[-65.22998889,-26.843875]
ENSERVICIO;LARROQUE;RARELRR01;ENTRE RIOS;[-58.99761111,-33.0435278]
ENSERVICIO;CORONEL SUAREZ;RARBCRS01;BUENOS AIRES;[-61.926968,-37.472832]
ENSERVICIO;GENERAL LAMADRID;RARBGLM01;BUENOS AIRES;[-61.25305833,-37.24506111]
ENSERVICIO;VILLA ELOISA;RARSVEI01;SANTA FE;[-61.54205833,-32.9597694]
ENSERVICIO;TORTUGAS;RARSTRT01;SANTA FE;[-61.81781111,-32.74766111]
ENSERVICIO;LAS PAREJAS;RARSPRJ01;SANTA FE;[-61.53201944,-32.67821667]
ENSERVICIO;LAS ROSAS;RARSLRS01;SANTA FE;[-61.57552222,-32.4849806]
ENSERVICIO;LOS MOLINOS;RARSLMS01;SANTA FE;[-61.33027778,-33.1055556]
ENSERVICIO;ARMSTRONG;RARSARM01;SANTA FE;[-61.61260278,-32.7743167]
ENSERVICIO;VILLA MARIA;RARXVMR01;CORDOBA;[-63.30891667,-32.42463056]
ENSERVICIO;OLIVA;RARXOVA01;CORDOBA;[-63.570558,-32.036327]
ENSERVICIO;ONCATIVO;RARXONC01;CORDOBA;[-63.68102778,-31.9096667]
ENSERVICIO;MORRISON;RARXMSO01;CORDOBA;[-62.83454722,-32.58661944]
ENSERVICIO;SAN MARCOS SUD;RARXMRC01;CORDOBA;[-62.48258611,-32.630425]
ENSERVICIO;MARCOS JUAREZ;RARXMJU01;CORDOBA;[-62.08998333,-32.6928861]
ENSERVICIO;LEONES;RARXLEO01;CORDOBA;[-62.314725,-32.6714444444]
ENSERVICIO;BALLESTEROS;RARXBLL01;CORDOBA;[-62.975397,-32.544244]
ENSERVICIO;BELL VILLE;RARXBEV01;CORDOBA;[-62.694325,-32.612997]
ENSERVICIO;VIEDMA;RARRVDM01;RIO NEGRO;[-63.02243889,-40.82182222]
ENSERVICIO;VALCHETA;RARRVAL01;RIO NEGRO;[-66.16168056,-40.68385278]
ENSERVICIO;SAN JAVIER;RARRSJV01;RIO NEGRO;[-63.26638611,-40.75176944]
ENSERVICIO;SAN ANTONIO OESTE;RARRSAO01;RIO NEGRO;[-64.95979444,-40.72936667]
ENSERVICIO;RIO COLORADO;RARRRCL01;RIO NEGRO;[-64.10394722,-38.983275]
ENSERVICIO;MINISTRO RAMOS MEXIA;RARRMRX01;RIO NEGRO;[-67.26141111,-40.5077]
ENSERVICIO;LAS GRUTAS;RARRLGR01;RIO NEGRO;[-65.08338333,-40.80043611]
ENSERVICIO;GENERAL CONESA;RARRGCN01;RIO NEGRO;[-64.45175,-40.10766667]
ENSERVICIO;EL JUNCAL;RARREJL01;RIO NEGRO;[-63.12633333,-40.80725]
ENSERVICIO;COLONIA JULIA Y ECHARREN;RARRCJE01;RIO NEGRO;[-64.02440556,-39.03583611]
ENSERVICIO;BARRIO COLONIA CONESA;RARRBCN01;RIO NEGRO;[-64.353325,-40.151051]
ENSERVICIO;AGUADA CECILIO;RARRAGC01;RIO NEGRO;[-65.84260556,-40.84866944]
ENSERVICIO;VILLALONGA;RARBVLG01;BUENOS AIRES;[-62.61527778,-39.9112167]
ENSERVICIO;STROEDER;RARBSTD01;BUENOS AIRES;[-62.621825,-40.1881583]
ENSERVICIO;CARMEN DE PATAGONES;RARBPTG01;BUENOS AIRES;[-62.96825278,-40.7872083]
ENSERVICIO;JUAN A. PRADERE;RARBJAP01;BUENOS AIRES;[-62.65047222,-39.6013056]
ENSERVICIO;CARDENAL CAGLIERO;RARBCCG01;BUENOS AIRES;[-62.75411111,-40.6508056]
ENSERVICIO;VILLA DE LEALES;RARTVLE01;TUCUMAN;[-65.31155,-27.19373611]
ENSERVICIO;TAFI DEL VALLE;RARTTFE01;TUCUMAN;[-65.71021389,-26.8423806]
ENSERVICIO;SAN MIGUEL DE TUCUMAN (DWDM);RARTTCM01;TUCUMAN;[-65.22998889,-26.843875]
ENSERVICIO;TENIENTE BERDINA;RARTTBR01;TUCUMAN;[-65.48805556,-27.0510278]
ENSERVICIO;SANTA ROSA DE LEALES;RARTSRL01;TUCUMAN;[-65.25911111,-27.1329167]
ENSERVICIO;SANTA LUCIA;RARTSLU01;TUCUMAN;[-65.53571111,-27.095375]
ENSERVICIO;RIO SECO (DESVINCULADO);RARTRSC01;TUCUMAN;[-65.54888889,-27.26497222]
ENSERVICIO;RANCHILLOS;RARTRNC01;TUCUMAN;[-65.04755556,-26.9530639]
ENSERVICIO;RIO COLORADO;RARTRCL01;TUCUMAN;[-65.35580556,-27.1501]
ENSERVICIO;PUEBLO INDEPENDENCIA;RARTPIN01;TUCUMAN;[-65.52531389,-27.21913056]
ENSERVICIO;MONTEROS;RARTMNT01;TUCUMAN;[-65.48888056,-27.16946944]
ENSERVICIO;SOLDADO MALDONADO;RARTMLD01;TUCUMAN;[-65.56586944,-27.1447167]
ENSERVICIO;SAN ISIDRO DE LULES;RARTLUL01;TUCUMAN;[-65.33345556,-26.916075]
ENSERVICIO;LOS RALOS;RARTLRL01;TUCUMAN;[-65.00636111,-26.8866389]
ENSERVICIO;LA REDUCCION (DESVINCULADO);RARTLRE01;TUCUMAN;[-65.354035,-26.962107]
ENSERVICIO;ILTICO;RARTILT01;TUCUMAN;[-65.643,-27.33415]
ENSERVICIO;FAMAILLA (DESVINCULADO);RARTFAM01;TUCUMAN;[-65.40430833,-27.0545528]
ENSERVICIO;EL MOLLAR;RARTEML01;TUCUMAN;[-65.71093056,-26.9392222]
ENSERVICIO;ESTACION ARAOZ (DESVINCULADO);RARTEAZ01;TUCUMAN;[-64.9261,-27.0595278]
ENSERVICIO;DELFIN GALLO;RARTDLF01;TUCUMAN;[-65.09425,-26.8461111]
ENSERVICIO;COLONIA MAYO - BARRIO LA MILAGROSA (DESVINCULADO);RARTCMA01;TUCUMAN;[-64.99059167,-26.8366056]
ENSERVICIO;COLALAO DEL VALLE;RARTCLV01;TUCUMAN;[-65.95635833,-26.36135]
ENSERVICIO;CAMPO DE HERRERA;RARTCDH01;TUCUMAN;[-65.34786111,-27.02831944]
ENSERVICIO;CONCEPCION;RARTCCP01;TUCUMAN;[-65.58786944,-27.3442972]
ENSERVICIO;ALTO VERDE;RARTAVR01;TUCUMAN;[-65.60968056,-27.37726944]
ENSERVICIO;AMAICHA DEL VALLE;RARTAVL01;TUCUMAN;[-65.91938056,-26.5960861]
ENSERVICIO;ARCADIA;RARTARC01;TUCUMAN;[-65.57606749,-27.30694848]
ENSERVICIO;AGUILARES (DESVINCULADO);RARTAGL01;TUCUMAN;[-65.604125,-27.42501667]
ENSERVICIO;ACHERAL;RARTACH01;TUCUMAN;[-65.46833333,-27.1208333]
ENSERVICIO;TRENQUE LAUQUEN;RARBTQL01;BUENOS AIRES;[-62.74828889,-35.9713361]
ENSERVICIO;TRES ALGARROBOS;RARBTAG01;BUENOS AIRES;[-62.77272222,-35.196]
ENSERVICIO;SANTA REGINA;RARBSRG01;BUENOS AIRES;[-63.172833,-34.548925]
ENSERVICIO;PELLEGRINI;RARBPLL01;BUENOS AIRES;[-63.157499,-36.270811]
ENSERVICIO;PEHUAJO;RARBPHJ01;BUENOS AIRES;[-61.886181,-35.808664]
ENSERVICIO;PIEDRITAS;RARBPDT01;BUENOS AIRES;[-62.98341667,-34.7740833]
ENSERVICIO;NUEVA PLATA;RARBNPT01;BUENOS AIRES;[-61.810266,-35.92114]
ENSERVICIO;JUAN JOSE PASO;RARBJJP01;BUENOS AIRES;[-62.29304722,-35.8494833]
ENSERVICIO;HERRERA VEGAS;RARBHEG01;BUENOS AIRES;[-61.408251,-36.086148]
ENSERVICIO;GENERAL VILLEGAS;RARBGVG01;BUENOS AIRES;[-63.01564722,-35.0469417]
ENSERVICIO;FRANCISCO MADERO;RARBFMD01;BUENOS AIRES;[-62.069315,-35.850854]
ENSERVICIO;EMILIO V. BUNGE;RARBEBG01;BUENOS AIRES;[-63.19347222,-34.7851389]
ENSERVICIO;DE BARY;RARBDBY01;BUENOS AIRES;[-63.25986111,-36.34075]
ENSERVICIO;CURARU;RARBCUR01;BUENOS AIRES;[-62.19375,-35.6412778]
ENSERVICIO;CARLOS TEJEDOR;RARBCTJ01;BUENOS AIRES;[-62.41308333,-35.3901111]
ENSERVICIO;CANADA SECA;RARBCSE01;BUENOS AIRES;[-62.95777778,-34.4181389]
ENSERVICIO;BERUTTI;RARBBRT01;BUENOS AIRES;[-62.51339722,-35.8595778]
ENSERVICIO;BOCAYUVA;RARBBCY01;BUENOS AIRES;[-63.07622222,-36.2045]
ENSERVICIO;BELLOCQ;RARBBCQ01;BUENOS AIRES;[-61.534026,-35.919598]
ENSERVICIO;TINTINA;RARGTNT01;SANTIAGO DEL ESTERO;[-62.7065,-27.0306667]
ENSERVICIO;EL SAUZAL;RARGSZL01;SANTIAGO DEL ESTERO;[-64.58200556,-27.48831111]
ENSERVICIO;SANTIAGO DEL ESTERO;RARGSTG01;SANTIAGO DEL ESTERO;[-64.268625,-27.801075]
ENSERVICIO;POZUELOS;RARGPZL01;SANTIAGO DEL ESTERO;[-64.75613611,-27.30719444]
ENSERVICIO;PUESTO DE SAN ANTONIO;RARGPSN01;SANTIAGO DEL ESTERO;[-64.33959848,-27.69]
ENSERVICIO;LOS SORIA;RARGLSO01;SANTIAGO DEL ESTERO;[-64.37547222,-27.61852778]
ENSERVICIO;LOS QUIROGA;RARGLQG01;SANTIAGO DEL ESTERO;[-64.35201944,-27.65276389]
ENSERVICIO;LAPRIDA;RARGLPD01;SANTIAGO DEL ESTERO;[-64.52865556,-28.37828333]
ENSERVICIO;LOS NUNEZ;RARGLNZ01;SANTIAGO DEL ESTERO;[-64.52753333,-27.53529167]
ENSERVICIO;LA DARSENA;RARGLDS01;SANTIAGO DEL ESTERO;[-64.28813889,-27.6982778]
ENSERVICIO;LA AURORA;RARGLAU01;SANTIAGO DEL ESTERO;[-64.23094444,-27.49713889]
ENSERVICIO;LA CANADA;RARGLAC01;SANTIAGO DEL ESTERO;[-63.77120556,-27.70979167]
ENSERVICIO;HUYAMAMPA;RARGHUY01;SANTIAGO DEL ESTERO;[-64.29497222,-27.38525278]
ENSERVICIO;GRAMILLA;RARGGML01;SANTIAGO DEL ESTERO;[-64.60953333,-27.300475]
ENSERVICIO;FRIAS;RARGFRI01;SANTIAGO DEL ESTERO;[-65.12913889,-28.62827778]
ENSERVICIO;EL DEAN;RARGEDE01;SANTIAGO DEL ESTERO;[-64.35109167,-27.69189722]
ENSERVICIO;EL CHARCO;RARGECR01;SANTIAGO DEL ESTERO;[-64.70580833,-27.23038611]
ENSERVICIO;CHAUPI POZO;RARGCPZ01;SANTIAGO DEL ESTERO;[-64.42110556,-27.50829167]
ENSERVICIO;CLODOMIRA;RARGCLD01;SANTIAGO DEL ESTERO;[-64.13175278,-27.57498333]
ENSERVICIO;COLONIA EL SIMBOLAR;RARGCES01;SANTIAGO DEL ESTERO;[-63.86821667,-27.71413333]
ENSERVICIO;CANADA ESCOBAR;RARGCEC01;SANTIAGO DEL ESTERO;[-64.027861,-27.708472]
ENSERVICIO;ANTAJE;RARGATJ01;SANTIAGO DEL ESTERO;[-64.25322222,-27.6245]
ENSERVICIO;ARDILES;RARGARD01;SANTIAGO DEL ESTERO;[-64.49995833,-27.41264167]
ENSERVICIO;WINIFREDA;RARLWIN01;LA PAMPA;[-64.23697778,-36.23148611]
ENSERVICIO;25 DE MAYO;RARLVMY01;LA PAMPA;[-67.72372222,-37.77376111]
ENSERVICIO;VICTORICA;RARLVCT01;LA PAMPA;[-65.43306111,-36.21543611]
ENSERVICIO;URIBURU;RARLURI01;LA PAMPA;[-63.85863611,-36.50879722]
ENSERVICIO;UNANUE;RARLUNN01;LA PAMPA;[-64.34939722,-37.54558889]
ENSERVICIO;TELEN;RARLTEL01;LA PAMPA;[-65.51265556,-36.26516389]
ENSERVICIO;SANTA ROSA;RARLSTR01;LA PAMPA;[-64.26990556,-36.6261139]
ENSERVICIO;COLONIA SANTA MARIA;RARLSNM01;LA PAMPA;[-64.22837778,-37.49518611]
ENSERVICIO;SANTA ISABEL;RARLSIS01;LA PAMPA;[-66.93588889,-36.232875]
ENSERVICIO;PERU;RARLPRU01;LA PAMPA;[-64.13435,-37.66251111]
ENSERVICIO;PUELEN;RARLPLN01;LA PAMPA;[-67.62198333,-37.34538333]
ENSERVICIO;LOVENTUE;RARLLVT01;LA PAMPA;[-65.29173611,-36.18857778]
ENSERVICIO;LUAN TORO;RARLLNT01;LA PAMPA;[-65.09892222,-36.20550833]
ENSERVICIO;LONQUIMAY (DESVINCULADO);RARLLNQ01;LA PAMPA;[-63.6236,-36.46733611]
ENSERVICIO;LA GLORIA (DESVINCULADO);RARLGLR01;LA PAMPA;[-63.74058056,-36.50798056]
ENSERVICIO;CAMPAMENTO VIALIDAD NACIONAL;RARLCVN01;LA PAMPA;[-64.07326667,-38.38843889]
ENSERVICIO;CATRILO;RARLCTL01;LA PAMPA;[-63.41604444,-36.407925]
ENSERVICIO;ATALIVA ROCA;RARLATR01;LA PAMPA;[-64.29124722,-37.03036667]
ENSERVICIO;ALGARROBO DEL AGUILA;RARLAAG01;LA PAMPA;[-67.14587778,-36.39905]
ENSERVICIO;BUTA RANQUIL;RARQBRQ01;NEUQUEN;[-69.87720278,-37.05138611]
ENSERVICIO;25 DE MAYO;RARMVMY01;MENDOZA;[-68.53869444,-34.58383333]
ENSERVICIO;VILLA ATUEL;RARMVAT01;MENDOZA;[-67.92318056,-34.83365833]
ENSERVICIO;SAN RAFAEL (SH 2);RARMSRF02;MENDOZA;[-68.34384722,-34.6315472]
ENSERVICIO;SAN RAFAEL (SH 1);RARMSRF01;MENDOZA;[-68.34384722,-34.6315472]
ENSERVICIO;RANQUIL NORTE;RARMRQN01;MENDOZA;[-69.83281389,-36.65908056]
ENSERVICIO;REAL DEL PADRE;RARMRDP01;MENDOZA;[-67.76325833,-34.84021667]
ENSERVICIO;PARAJE COCHICO;RARMPJC01;MENDOZA;[-67.33101944,-35.71336111]
ENSERVICIO;PASO DE LAS CARRETAS (SILICA);RARMPCR01;MENDOZA;[-68.832752,-34.13104]
ENSERVICIO;LAS MALVINAS;RARMMVN01;MENDOZA;[-68.25136111,-34.83206389]
ENSERVICIO;MONTE COMAN;RARMMTC01;MENDOZA;[-67.87996111,-34.59046944]
ENSERVICIO;MALARGUE;RARMMLG01;MENDOZA;[-69.58894722,-35.46592778]
ENSERVICIO;LA LLAVE NUEVA;RARMLNU01;MENDOZA;[-68.00341667,-34.63898333]
ENSERVICIO;JAIME PRATS;RARMJPR01;MENDOZA;[-67.81687222,-34.91158611]
ENSERVICIO;GENERAL ALVEAR;RARMGAV01;MENDOZA;[-67.67274167,-34.98127778]
ENSERVICIO;EL SOSNEADO;RARMESN01;MENDOZA;[-69.56686111,-35.07950833]
ENSERVICIO;EL NIHUIL;RARMENH01;MENDOZA;[-68.67715278,-35.03268056]
ENSERVICIO;CARMENSA;RARMCMS01;MENDOZA;[-67.65320556,-35.14803889]
ENSERVICIO;BOWEN;RARMBWN01;MENDOZA;[-67.509225,-34.99374167]
ENSERVICIO;BARDAS BLANCAS;RARMBRB01;MENDOZA;[-69.80525833,-35.86848611]
ENSERVICIO;VILLA MERCEDES SILICA;RARDVME01;SAN LUIS;[-65.633417,-33.582614]
ENSERVICIO;SAN LUIS;RARDSLS01;SAN LUIS;[-66.2867722222,-33.2954222222]
ENSERVICIO;JUAN JORBA;RARDJNJ01;SAN LUIS;[-65.27245278,-33.61403611]
ENSERVICIO;JUSTO DARACT;RARDJDR01;SAN LUIS;[-65.18145278,-33.85925833]
ENSERVICIO;LA PAZ (SILICA);RARMLPZ01;MENDOZA;[-67.2733,-33.40301667]
ENSERVICIO;VICUNA MACKENNA;RARXVMC01;CORDOBA;[-64.38504722,-33.92585278]
ENSERVICIO;ROSALES;RARXRSL01;CORDOBA;[-63.152861,-34.17222]
ENSERVICIO;LABOULAYE;RARXLBY01;CORDOBA;[-63.39315278,-34.12267222]
ENSERVICIO;GENERAL LEVALLE;RARXGLV01;CORDOBA;[-63.9153,-34.00695]
ENSERVICIO;VILLA SAN MARTIN;RARJVSM01;SAN JUAN;[-68.351313,-31.516721]
ENSERVICIO;VILLA MERCEDES;RARJVMD01;SAN JUAN;[-68.701086,-30.103684]
ENSERVICIO;VALLECITO;RARJVLL01;SAN JUAN;[-67.9836,-31.7369]
ENSERVICIO;VILLA INDEPENDENCIA;RARJVIP01;SAN JUAN;[-68.314042,-31.624175]
ENSERVICIO;VILLA IBANEZ;RARJVIB01;SAN JUAN;[-68.722215,-31.460315]
ENSERVICIO;VILLA GENERAL SAN MARTIN;RARJVGS01;SAN JUAN;[-68.522475,-31.43959167]
ENSERVICIO;VILLA DOMINGUITO;RARJVDG01;SAN JUAN;[-68.295537,-31.560006]
ENSERVICIO;VILLA DON BOSCO;RARJVDB01;SAN JUAN;[-68.331346,-31.553123]
ENSERVICIO;SAN JUAN;RARJSJN01;SAN JUAN;[-68.51196667,-31.51715556]
ENSERVICIO;SAN ISIDRO;RARJSIO01;SAN JUAN;[-68.703984,-30.143351]
ENSERVICIO;PAMPA VIEJA;RARJPPV01;SAN JUAN;[-68.684283,-30.200046]
ENSERVICIO;NIQUIVIL;RARJNQV01;SAN JUAN;[-68.696114,-30.399325]
ENSERVICIO;9 DE JULIO;RARJNDJ01;SAN JUAN;[-68.387689,-31.667631]
ENSERVICIO;MARAYES;RARJMRY01;SAN JUAN;[-67.35078333,-31.46315]
ENSERVICIO;EL MEDANO;RARJMED01;SAN JUAN;[-68.682399,-30.12666]
ENSERVICIO;VILLA MEDIA AGUA;RARJMAG01;SAN JUAN;[-68.41995,-31.98258333]
ENSERVICIO;LAS TALAS - LOS MEDANOS;RARJLTS01;SAN JUAN;[-68.27466944,-31.59445833]
ENSERVICIO;LAS CHACRITAS;RARJLCC01;SAN JUAN;[-68.397763,-31.598029]
ENSERVICIO;SAN JOSE DE JACHAL;RARJJCH01;SAN JUAN;[-68.747,-30.23394444]
ENSERVICIO;HUACO;RARJHUC01;SAN JUAN;[-68.48480556,-30.15745]
ENSERVICIO;GRAN CHINA;RARJGCA01;SAN JUAN;[-68.72957,-30.119466]
ENSERVICIO;CAUCETE;RARJCCT01;SAN JUAN;[-68.28632778,-31.64344444]
ENSERVICIO;BARRIO SADOP;RARJBSP01;SAN JUAN;[-68.39694722,-31.53705833]
ENSERVICIO;VILLA SAN JOSE;RARSVJO01;SANTA FE;[-61.62088056,-31.3367667]
ENSERVICIO;SUSANA;RARSSSN01;SANTA FE;[-61.51903889,-31.3569083]
ENSERVICIO;PLAZA SAGUIER;RARSPSG01;SANTA FE;[-61.66778056,-31.32531944]
ENSERVICIO;PLAZA CLUCELLAS;RARSPCL01;SANTA FE;[-61.70485,-31.451733]
ENSERVICIO;NUEVO TORINO;RARSNTO01;SANTA FE;[-61.23567222,-31.3430444]
ENSERVICIO;JOSEFINA;RARSJSF01;SANTA FE;[-61.992925,-31.4108167]
ENSERVICIO;HUMBOLDT;RARSHMB01;SANTA FE;[-61.08138056,-31.4001083]
ENSERVICIO;FRONTERA;RARSFRT01;SANTA FE;[-62.06516944,-31.4302361]
ENSERVICIO;ESTACION SAGUIER;RARSESA01;SANTA FE;[-61.66649444,-31.32194444]
ENSERVICIO;COLONIA CELLO;RARSCCE01;SANTA FE;[-61.84154167,-31.4303056]
ENSERVICIO;VILLA DEL TRANSITO;RARXVTS01;CORDOBA;[-63.19451111,-31.44573889]
ENSERVICIO;TRANSITO;RARXTRS01;CORDOBA;[-63.19341944,-31.424575]
ENSERVICIO;SANTIAGO TEMPLE;RARXSTP01;CORDOBA;[-63.41868611,-31.38528333]
ENSERVICIO;SAN FRANCISCO;RARXSFR01;CORDOBA;[-62.109325,-31.42003889]
ENSERVICIO;LA FRANCIA;RARXLFR01;CORDOBA;[-62.63394444,-31.40524167]
ENSERVICIO;EL FUERTECITO;RARXEFT01;CORDOBA;[-62.97202778,-31.40458611]
ENSERVICIO;DEVOTO;RARXDVT01;CORDOBA;[-62.30051667,-31.40551389]
ENSERVICIO;ARROYITO;RARXARY01;CORDOBA;[-63.04461,-31.415964]
ENSERVICIO;SAUCE VIEJO;RARSSVJ01;SANTA FE;[-60.83666667,-31.7717778]
ENSERVICIO;SANTO TOME;RARSSTM01;SANTA FE;[-60.79196111,-31.6561472]
ENSERVICIO;SANTA FE (MPLS);RARSSFE02;SANTA FE;[-60.66734167,-31.640225]
ENSERVICIO;SANTA FE (DWDM);RARSSFE01;SANTA FE;[-60.66734167,-31.640225]
ENSERVICIO;FRANCK (DESVINCULADO);RARSFRK01;SANTA FE;[-60.93916667,-31.58027778]
ENSERVICIO;ESPERANZA;RARSEPZ01;SANTA FE;[-60.94433611,-31.4540306]
ENSERVICIO;DESVIO ARIJON;RARSDAJ01;SANTA FE;[-60.88848889,-31.8720889]
ENSERVICIO;CORONDA (DESVINCULADO);RARSCRD01;SANTA FE;[-60.93243056,-31.96863889]
ENSERVICIO;AROCENA;RARSARO01;SANTA FE;[-60.97875556,-32.07926111]
ENSERVICIO;VILLA FONTANA;RAREVFA01;ENTRE RIOS;[-60.47508333,-31.9046806]
ENSERVICIO;TEZANOS PINTOS;RARETZP01;ENTRE RIOS;[-60.494575,-31.8690778]
ENSERVICIO;ESTACION SOSA;RARESOS01;ENTRE RIOS;[-59.91006667,-31.7383556]
ENSERVICIO;SIR LEONARD;RARESLN01;ENTRE RIOS;[-59.50119444,-31.38955556]
ENSERVICIO;ALCARAZ (PUEBLO ARRUA);RAREPUA01;ENTRE RIOS;[-59.59380556,-31.45463889]
ENSERVICIO;PARANA;RAREPRN01;ENTRE RIOS;[-60.534393,-31.740196]
ENSERVICIO;PARAJE LA VIRGEN;RAREPLV01;ENTRE RIOS;[-60.65183056,-31.91565278]
ENSERVICIO;PUEBLO BELLOCQ (EST. LAS GARZAS);RAREPBQ01;ENTRE RIOS;[-59.745075,-31.4284333]
ENSERVICIO;ORO VERDE;RAREOVD01;ENTRE RIOS;[-60.52098889,-31.8299611]
ENSERVICIO;MARIA GRANDE;RAREMGD01;ENTRE RIOS;[-59.89933611,-31.6641639]
ENSERVICIO;LA PICADA;RARELPI01;ENTRE RIOS;[-60.29427778,-31.72625]
ENSERVICIO;HASENKAMP;RAREHSK01;ENTRE RIOS;[-59.83685556,-31.50705833]
ENSERVICIO;GENERAL ALVEAR;RAREGRA01;ENTRE RIOS;[-60.67189722,-31.95069444]
ENSERVICIO;EL PALENQUE;RAREEPQ01;ENTRE RIOS;[-60.16800278,-31.65583056]
ENSERVICIO;EL PINGO;RAREEPN01;ENTRE RIOS;[-59.89108333,-31.5816333]
ENSERVICIO;EL SOLAR;RAREELS01;ENTRE RIOS;[-59.73453889,-31.1812278]
ENSERVICIO;DIAMANTE;RAREDIM01;ENTRE RIOS;[-60.63232222,-32.0716778]
ENSERVICIO;CERRITO;RARECRT01;ENTRE RIOS;[-60.07709167,-31.5739778]
ENSERVICIO;CRESPO;RARECRE01;ENTRE RIOS;[-60.30311944,-32.0445111]
ENSERVICIO;COLONIA ENSAYO;RARECEN01;ENTRE RIOS;[-60.57591667,-31.8651667]
ENSERVICIO;BOVRIL;RAREBVR01;ENTRE RIOS;[-59.43371944,-31.34015]
ENSERVICIO;ALDEA SALTO;RAREAST01;ENTRE RIOS;[-60.54625,-31.9264167]
ENSERVICIO;ALDEA SANTA MARIA;RAREASM01;ENTRE RIOS;[-60.00409722,-31.610125]
ENSERVICIO;ALDEA SAN FRANCISCO;RAREASF01;ENTRE RIOS;[-60.63581389,-31.96191667]
ENSERVICIO;ALDEA PROTESTANTE;RAREAPO01;ENTRE RIOS;[-60.56577778,-32.0283889]
ENSERVICIO;ALDEA MARIA LUISA;RAREAML01;ENTRE RIOS;[-60.41159167,-31.8875278]
ENSERVICIO;ALDEA SPATZENKUTTER;RAREAKT01;ENTRE RIOS;[-60.58180278,-31.94675833]
ENSERVICIO;ALDEA BRASILERA;RAREABR01;ENTRE RIOS;[-60.58544444,-31.8919444]
ENSERVICIO;VILLANUEVA;RARBVNU01;BUENOS AIRES;[-58.435992,-35.675036]
ENSERVICIO;VILLA GESELL;RARBVGL01;BUENOS AIRES;[-56.974533,-37.256008]
ENSERVICIO;RANCHOS;RARBRCH01;BUENOS AIRES;[-58.309639,-35.519417]
ENSERVICIO;PINAMAR;RARBPNM01;BUENOS AIRES;[-56.896778,-37.117656]
ENSERVICIO;MAR AZUL;RARBMRA01;BUENOS AIRES;[-57.040658,-37.331744]
ENSERVICIO;LAS TONINAS;RARBLTN01;BUENOS AIRES;[-56.701869,-36.488492]
ENSERVICIO;LAS ARMAS;RARBLAR01;BUENOS AIRES;[-57.827286,-37.0842]
ENSERVICIO;GENERAL JUAN MADARIAGA;RARBGMD01;BUENOS AIRES;[-57.11680556,-37.0054722]
ENSERVICIO;GENERAL BELGRANO;RARBGBG01;BUENOS AIRES;[-58.48758889,-35.7640306]
ENSERVICIO;TOLLOCHE;RARATLL01;SALTA;[-63.52088611,-25.52497222]
ENSERVICIO;TOLOMBON;RARATLB01;SALTA;[-65.94025,-26.181472]
ENSERVICIO;SAN CARLOS;RARASNC01;SALTA;[-65.93025,-25.893781]
ENSERVICIO;SAN JOSE DE METAN;RARASJM01;SALTA;[-64.97245278,-25.48421389]
ENSERVICIO;SECLANTAS;RARASEC01;SALTA;[-66.245903,-25.330528]
ENSERVICIO;SAN ANTONIO DE LOS COBRES;RARASAC01;SALTA;[-66.31695278,-24.21732778]
ENSERVICIO;PAYOGASTA;RARAPYG01;SALTA;[-66.09693333,-25.04851389]
ENSERVICIO;NUESTRA SENORA DE TALAVERA;RARANST01;SALTA;[-63.77564167,-25.45956389]
ENSERVICIO;MOLINOS;RARAMLN01;SALTA;[-66.29777778,-25.43830556]
ENSERVICIO;MISION KILOMETRO 6;RARAMKS01;SALTA;[-63.75091667,-22.51030556]
ENSERVICIO;LA POMA;RARALPM01;SALTA;[-66.20116389,-24.72485556]
ENSERVICIO;JOAQUIN V. GONZALEZ;RARAJVG01;SALTA;[-64.12920833,-25.12135556]
ENSERVICIO;GAONA;RARAGAO01;SALTA;[-64.03605556,-25.24143333]
ENSERVICIO;EL TUNAL;RARAETN01;SALTA;[-64.39253889,-25.25191944]
ENSERVICIO;EL QUEBRACHAL;RARAELQ01;SALTA;[-64.01962778,-25.33546944]
ENSERVICIO;EL GALPON;RARAEGP01;SALTA;[-64.65725,-25.38356111]
ENSERVICIO;CAFAYATE;RARACFY01;SALTA;[-65.98448889,-26.0725]
ENSERVICIO;CEIBALITO;RARACEA01;SALTA;[-64.274592,-25.110144]
ENSERVICIO;CACHI;RARACCH01;SALTA;[-66.155661,-25.121139]
ENSERVICIO;ANIMANA;RARAANM01;SALTA;[-65.947442,-25.967294]
ENSERVICIO;ANGASTACO;RARAAGA01;SALTA;[-66.166944,-25.6692875]
ENSERVICIO;PUESTO SEY;RARYPSY01;JUJUY;[-66.48796111,-23.94695556]
ENSERVICIO;PASTOS CHICOS;RARYPSC01;JUJUY;[-66.43937222,-23.76453333]
ENSERVICIO;HUANCAR;RARYHNC01;JUJUY;[-66.41061111,-23.563375]
ENSERVICIO;VILLA LA RIVERA;RARSVLR01;SANTA FE;[-60.82102778,-32.634925]
ENSERVICIO;VILLA AMELIA;RARSVAM01;SANTA FE;[-60.66563333,-33.1772833]
ENSERVICIO;SANTA TERESA;RARSSTS01;SANTA FE;[-60.78574444,-33.44210278]
ENSERVICIO;SAN FABIAN;RARSSFB01;SANTA FE;[-60.98194444,-32.1361944]
ENSERVICIO;ROSARIO (MPLS);RARSRSR02;SANTA FE;[-60.6300888889,-33.0141527778]
ENSERVICIO;ROSARIO (DWDM);RARSRSR01;SANTA FE;[-60.6300888889,-33.0141527778]
ENSERVICIO;ROLDAN;RARSRLD01;SANTA FE;[-60.91155556,-32.8993889]
ENSERVICIO;PAVON ARRIBA;RARSPVA01;SANTA FE;[-60.82685556,-33.31085]
ENSERVICIO;PUEBLO URANGA;RARSPUR01;SANTA FE;[-60.704975,-33.2621611]
ENSERVICIO;PEYRANO;RARSPEY01;SANTA FE;[-60.79868333,-33.5373472]
ENSERVICIO;PAVON;RARSPAV01;SANTA FE;[-60.40548333,-33.2419972]
ENSERVICIO;OLIVEROS;RARSOLI01;SANTA FE;[-60.85575556,-32.5743444]
ENSERVICIO;MONJE;RARSMNJ01;SANTA FE;[-60.94336111,-32.35336111]
ENSERVICIO;MACIEL;RARSMCL01;SANTA FE;[-60.89463889,-32.4612222]
ENSERVICIO;LOS MUCHACHOS - LA ALBORADA;RARSLMC01;SANTA FE;[-60.71164444,-33.0875111]
ENSERVICIO;SAN JERONIMO SUD;RARSJSD01;SANTA FE;[-61.02789722,-32.8784694]
ENSERVICIO;GENERAL LAGOS;RARSGLG01;SANTA FE;[-60.56377778,-33.1149028]
ENSERVICIO;FUNES;RARSFNS01;SANTA FE;[-60.78891944,-32.924025]
ENSERVICIO;FIGHIERA;RARSFGH01;SANTA FE;[-60.46653333,-33.1975694]
ENSERVICIO;EMPALME VILLA CONSTITUCION;RARSEVC01;SANTA FE;[-60.36963889,-33.24963889]
ENSERVICIO;CORREA (DESVINCULADO);RARSCOR01;SANTA FE;[-61.25527778,-32.8483917]
ENSERVICIO;CANADA DE GOMEZ;RARSCGO01;SANTA FE;[-61.4128972222,-32.8168916667]
ENSERVICIO;CUATRO ESQUINAS;RARSCEQ01;SANTA FE;[-60.76273889,-33.2445778]
ENSERVICIO;CORONEL RODOLFO S. DOMINGUEZ (DESVINCULADO);RARSCDG01;SANTA FE;[-60.722481,-33.182814]
ENSERVICIO;CARCARANA;RARSCCR01;SANTA FE;[-61.15175,-32.8565556]
ENSERVICIO;BUSTINZA;RARSBTZ01;SANTA FE;[-61.29375278,-32.73511944]
ENSERVICIO;BARRANCAS;RARSBCS01;SANTA FE;[-60.99059444,-32.23239444]
ENSERVICIO;ARROYO SECO;RARSASE01;SANTA FE;[-60.52825,-33.16727778]
ENSERVICIO;ALVEAR (BARRIO SABETTI);RARSALV01;SANTA FE;[-60.615589,-33.061306]
ENSERVICIO;VICTORIA;RAREVCT01;ENTRE RIOS;[-60.14625556,-32.630175]
ENSERVICIO;RINCON DE NOGOYA;RARERNY01;ENTRE RIOS;[-59.90544444,-32.7811389]
ENSERVICIO;NOGOYA;RARENGY01;ENTRE RIOS;[-59.78256944,-32.39550833]
ENSERVICIO;LA EMILIA;RARBLEM01;BUENOS AIRES;[-60.313197,-33.353608]
ENSERVICIO;URUTAU;RARGURT01;SANTIAGO DEL ESTERO;[-63.044978,-25.717536]
ENSERVICIO;PAMPA DE LOS GUANACOS;RARGPGU01;SANTIAGO DEL ESTERO;[-61.83016944,-26.23578611]
ENSERVICIO;MONTE QUEMADO;RARGMQM01;SANTIAGO DEL ESTERO;[-62.82836667,-25.81192778]
ENSERVICIO;LOS TIGRES;RARGLTG01;SANTIAGO DEL ESTERO;[-62.59420556,-25.90975556]
ENSERVICIO;LOS PIRPINTOS;RARGLPP01;SANTIAGO DEL ESTERO;[-62.07295556,-26.13309167]
ENSERVICIO;EL CABURE;RARGECB01;SANTIAGO DEL ESTERO;[-62.33858056,-26.01355278]
ENSERVICIO;TACO POZO;RARHTPZ01;CHACO;[-63.266389,-25.614972]
ENSERVICIO;PRESIDENCIA ROQUE SAENZ PEŃA;RARHRSP01;CHACO;[-60.431825,-26.797369]
ENSERVICIO;PAMPA DEL INFIERNO;RARHPIF01;CHACO;[-61.175972,-26.504111]
ENSERVICIO;NAPALPI;RARHNPP01;CHACO;[-60.130147,-26.900689]
ENSERVICIO;CONCEPCION DEL BERMEJO;RARHCBM01;CHACO;[-60.948417,-26.599389]
ENSERVICIO;COLONIA ABORIGEN;RARHCAB01;CHACO;[-60.203231,-26.956367]
ENSERVICIO;SAMPACHO;RARXSMP01;CORDOBA;[-64.72198495,-33.3845383]
ENSERVICIO;SANTA CATALINA (EST. HOLMBERG -DESVINCULADO);RARXSCA01;CORDOBA;[-64.43331428,-33.20717473]
ENSERVICIO;RIO TERCERO;RARXRTC01;CORDOBA;[-64.1025,-32.17058333]
ENSERVICIO;RIO CUARTO;RARXRCT01;CORDOBA;[-64.38693056,-33.10645278]
ENSERVICIO;LAS PERDICES;RARXPRD01;CORDOBA;[-63.6996,-32.69505]
ENSERVICIO;LAS VERTIENTES;RARXLVR01;CORDOBA;[-64.580719,-33.286492]
ENSERVICIO;LOS CONDORES;RARXLCN01;CORDOBA;[-64.28185812,-32.32263276]
ENSERVICIO;HERNANDO (SILICA);RARXHRN01;CORDOBA;[-63.598501,-32.553868]
ENSERVICIO;GENERAL CABRERA;RARXGCB01;CORDOBA;[-63.85993056,-32.8088361]
ENSERVICIO;DALMACIO VELEZ;RARXDVL01;CORDOBA;[-63.57846667,-32.6121833]
ENSERVICIO;CARNERILLO;RARXCRN01;CORDOBA;[-64.02265556,-32.9120056]
ENSERVICIO;CHAJAN;RARXCJN01;CORDOBA;[-65.00178611,-33.5534778]
ENSERVICIO;CHUCUL;RARXCCU01;CORDOBA;[-64.170408,-33.010792]
ENSERVICIO;CORONEL BAIGORRIA;RARXCBA01;CORDOBA;[-64.3612475,-32.8499906]
ENSERVICIO;BULNES;RARXBUL01;CORDOBA;[-64.678982,-33.501514]
ENSERVICIO;BERROTARAN;RARXBER01;CORDOBA;[-64.393537,-32.449162]
ENSERVICIO;ALMAFUERTE;RARXAMF01;CORDOBA;[-64.26303611,-32.19078889]
ENSERVICIO;ALCIRA GIGENA;RARXALC01;CORDOBA;[-64.339694444,-32.753263889]
ENSERVICIO;TRES LAGOS;RARZTLG01;SANTA CRUZ;[-71.45290278,-49.59894167]
ENSERVICIO;RIO GALLEGOS;RARZRGG01;SANTA CRUZ;[-69.236325,-51.62403889]
ENSERVICIO;GOBERNADOR GREGORES;RARZGGG01;SANTA CRUZ;[-70.24986111,-48.749]
ENSERVICIO;ESPERANZA;RARZEPZ01;SANTA CRUZ;[-70.77724444,-51.02861111]
ENSERVICIO;EL CALAFATE;RARZECF01;SANTA CRUZ;[-72.25456944,-50.33863611]
ENSERVICIO;SAN LORENZO;RARWSLR01;CORRIENTES;[-58.76494444,-28.13572222]
ENSERVICIO;RIACHUELO;RARWRIA01;CORRIENTES;[-58.74640833,-27.583275]
ENSERVICIO;EL SOMBRERO;RARWESM01;CORRIENTES;[-58.76213889,-27.70127778]
ENSERVICIO;EMPEDRADO;RARWEPD01;CORRIENTES;[-58.80503333,-27.95320278]
ENSERVICIO;CORRIENTES;RARWCRR01;CORRIENTES;[-58.85348889,-27.47392778]
ENSERVICIO;RESISTENCIA;RARHRST01;CHACO;[-58.98723889,-27.45595]
ENSERVICIO;PRESIDENCIA DE LA PLAZA;RARHPPZ01;CHACO;[-59.834403,-27.004433]
ENSERVICIO;PUERTO EVA PERON;RARHPEV01;CHACO;[-58.632381,-26.664489]
ENSERVICIO;PUERTO BERMEJO NUEVO;RARHPBN01;CHACO;[-58.54475,-26.907944]
ENSERVICIO;MAKALLE;RARHMAK01;CHACO;[-59.286583,-27.208278]
ENSERVICIO;LA SABANA;RARHLSB01;CHACO;[-59.938389,-27.871444]
ENSERVICIO;LAPACHITO;RARHLPT01;CHACO;[-59.387814,-27.159353]
ENSERVICIO;LAS PALMAS;RARHLPM01;CHACO;[-58.681158,-27.049133]
ENSERVICIO;LA LEONESA;RARHLLN01;CHACO;[-58.68115833,-27.0491333]
ENSERVICIO;LAGUNA BLANCA;RARHLGB01;CHACO;[-59.232586,-27.254317]
ENSERVICIO;LOS FRENTONES;RARHLFT01;CHACO;[-61.408611,-26.411639]
ENSERVICIO;LA ESCONDIDA;RARHLES01;CHACO;[-59.446389,-27.104167]
ENSERVICIO;COTE LAI;RARHLAI01;CHACO;[-59.572778,-27.529167]
ENSERVICIO;GENERAL VEDIA;RARHGVD01;CHACO;[-58.661067,-26.935503]
ENSERVICIO;COLONIA POPULAR;RARHCPP01;CHACO;[-59.148694,-27.276111]
ENSERVICIO;CHARADAI;RARHCHD01;CHACO;[-59.857875,-27.650844]
ENSERVICIO;COLONIA BENITEZ;RARHCBN01;CHACO;[-58.946917,-27.3325]
ENSERVICIO;AVIA TERAI;RARHAVT01;CHACO;[-60.729694,-26.686306]
ENSERVICIO;VERA;RARSVRA01;SANTA FE;[-60.19801667,-29.4667]
ENSERVICIO;TOBA;RARSTOB01;SANTA FE;[-60.16961111,-29.2669722]
ENSERVICIO;PUEBLO SANTA LUCIA;RARSPSL01;SANTA FE;[-60.40225833,-29.2828833]
ENSERVICIO;PARAJE 29;RARSPJV01;SANTA FE;[-60.23638889,-29.1031389]
ENSERVICIO;POZO DE LOS INDIOS;RARSPDI01;SANTA FE;[-60.24886111,-28.9424722]
ENSERVICIO;MARGARITA;RARSMRG01;SANTA FE;[-60.24781667,-29.6911333]
ENSERVICIO;LOS PUMAS;RARSLPU01;SANTA FE;[-61.01638889,-29.2640833]
ENSERVICIO;LOS AMORES;RARSLOA01;SANTA FE;[-59.97966667,-28.1001111]
ENSERVICIO;LA GALLARETA;RARSLGA01;SANTA FE;[-60.36773333,-29.5849417]
ENSERVICIO;KILOMETRO 115;RARSKMC01;SANTA FE;[-60.22402778,-28.8255278]
ENSERVICIO;INTIYACO;RARSITY01;SANTA FE;[-60.06902778,-28.6802222]
ENSERVICIO;GARABATO;RARSGRB01;SANTA FE;[-60.14113889,-28.954]
ENSERVICIO;GOLONDRINA;RARSGOL01;SANTA FE;[-60.02488889,-28.5561389]
ENSERVICIO;COLMENA;RARSCNA01;SANTA FE;[-60.08875,-28.75872222]
ENSERVICIO;CANADA OMBU;RARSCDO01;SANTA FE;[-59.99883333,-28.3080278]
ENSERVICIO;PERITO MORENO;RARZPMO01;SANTA CRUZ;[-70.91231389,-46.58902778]
ENSERVICIO;COLONIA LAS HERAS;RARZCLH01;SANTA CRUZ;[-68.90773333,-46.54363611]
ENSERVICIO;BAJO CARACOLES;RARZBCC01;SANTA CRUZ;[-70.9272,-47.445]
ENSERVICIO;RIO MAYO;RARURMY01;CHUBUT;[-70.249681,-45.691042]
ENSERVICIO;JOSE DE SAN MARTIN;RARUJSM01;CHUBUT;[-70.476822,-44.049031]
ENSERVICIO;GOBERNADOR COSTA;RARUGCS01;CHUBUT;[-70.609203,-44.054711]
ENSERVICIO;ALTO RIO SENGUER;RARUARS01;CHUBUT;[-70.812069,-45.036475]
ENSERVICIO;YACUY;RARAYCY01;SALTA;[-63.76916944,-22.37033056]
ENSERVICIO;URUNDEL;RARAURU01;SALTA;[-64.39938333,-23.55672222]
ENSERVICIO;TARTAGAL;RARATTG01;SALTA;[-63.79389722,-22.52795556]
ENSERVICIO;TRANQUITAS;RARATRQ01;SALTA;[-63.77715833,-22.40476111]
ENSERVICIO;TOBANTIRENDA;RARATBN01;SALTA;[-63.71164167,-22.15371944]
ENSERVICIO;PROFESOR SALVADOR MAZZA;RARASMZ01;SALTA;[-63.68585833,-22.05193889]
ENSERVICIO;PIQUIRENDA;RARAPQR01;SALTA;[-63.75290833,-22.32470833]
ENSERVICIO;PLUMA DE PATO;RARAPPA01;SALTA;[-63.09787778,-23.37218333]
ENSERVICIO;PADRE LOZANO;RARAPLZ01;SALTA;[-63.84709444,-23.21823333]
ENSERVICIO;PICHANAL;RARAPCH01;SALTA;[-64.22527778,-23.32434722]
ENSERVICIO;SAN RAMON DE LA NUEVA ORAN;RARAORN01;SALTA;[-64.33233333,-23.15741389]
ENSERVICIO;MISION CHAQUENA;RARAMSC01;SALTA;[-63.74334167,-23.25973333]
ENSERVICIO;HICKMAN;RARAHCK01;SALTA;[-63.56797222,-23.21189722]
ENSERVICIO;GENERAL ENRIQUE MOSCONI;RARAGEM01;SALTA;[-63.80401944,-22.59518056]
ENSERVICIO;GENERAL BALLIVIAN;RARAGBL01;SALTA;[-63.85884722,-22.9361]
ENSERVICIO;EMBARCACION;RARAEBC01;SALTA;[-64.09765833,-23.20344167]
ENSERVICIO;DRAGONES;RARADRG01;SALTA;[-63.34313333,-23.24960833]
ENSERVICIO;CAPIAZUTI;RARACZT01;SALTA;[-63.71677778,-22.20186944]
ENSERVICIO;CAMPAMENTO VESPUCIO;RARACVP01;SALTA;[-63.85387778,-22.58495278]
ENSERVICIO;COLONIA SANTA ROSA;RARACSR01;SALTA;[-64.41942222,-23.39358611]
ENSERVICIO;CAMPICHUELO;RARACMH01;SALTA;[-63.99715,-23.10823056]
ENSERVICIO;CORONEL CORNEJO;RARACCN01;SALTA;[-63.81906667,-22.73898889]
ENSERVICIO;CARBONCITO;RARACBC01;SALTA;[-63.76795,-23.23348611]
ENSERVICIO;AGUARAY;RARAAGY01;SALTA;[-63.72730833,-22.23922778]
ENSERVICIO;AGUAS BLANCAS;RARAAGB01;SALTA;[-64.35390833,-22.73420833]
ENSERVICIO;VILLA SAN ISIDRO;RARRVSI01;RIO NEGRO;[-68.17173889,-38.70655]
ENSERVICIO;SARGENTO VIDAL;RARRSVD01;RIO NEGRO;[-68.15688333,-38.68420833]
ENSERVICIO;CATRIEL;RARRCTR01;RIO NEGRO;[-67.80406389,-37.88302222]
ENSERVICIO;BARDA DEL MEDIO;RARRBRM01;RIO NEGRO;[-68.16301389,-38.72412222]
ENSERVICIO;ZAPALA;RARQZPL01;NEUQUEN;[-70.066825,-38.89735]
ENSERVICIO;VILLA EL CHOCON;RARQVEC01;NEUQUEN;[-68.78943333,-39.259225]
ENSERVICIO;TAQUIMILAN;RARQTQM01;NEUQUEN;[-70.24132778,-37.51212778]
ENSERVICIO;SANTO TOMAS;RARQSNT01;NEUQUEN;[-70.101491,-39.823189]
ENSERVICIO;SENILLOSA;RARQSEN01;NEUQUEN;[-68.42318889,-39.01334722]
ENSERVICIO;PICUN LEUFU;RARQPLF01;NEUQUEN;[-69.29345833,-39.51803056]
ENSERVICIO;PIEDRA DEL AGUILA;RARQPDA01;NEUQUEN;[-70.07202778,-40.047225]
ENSERVICIO;NEUQUEN (MPLS);RARQNQN02;NEUQUEN;[-68.07830833,-38.9446139]
ENSERVICIO;NEUQUEN (DWDM);RARQNQN01;NEUQUEN;[-68.07830833,-38.9446139]
ENSERVICIO;MARIANO MORENO;RARQMMO01;NEUQUEN;[-70.036807,-38.7597059]
ENSERVICIO;LAS LAJAS;RARQLLS01;NEUQUEN;[-70.36410278,-38.51986389]
ENSERVICIO;LA BUITRERA;RARQLBU01;NEUQUEN;[-70.37182222,-38.55096389]
ENSERVICIO;EL CHOCON;RARQECC01;NEUQUEN;[-68.82387222,-39.26081389]
ENSERVICIO;CHORRIACA;RARQCRC01;NEUQUEN;[-70.071025,-37.93418889]
ENSERVICIO;CENTENARIO;RARQCNT01;NEUQUEN;[-68.12815833,-38.83250833]
ENSERVICIO;CHOS MALAL;RARQCML01;NEUQUEN;[-70.26348889,-37.36745556]
ENSERVICIO;LOS CATUTOS;RARQCAT01;NEUQUEN;[-70.19527778,-38.83666667]
ENSERVICIO;BARRANCAS;RARQBCS01;NEUQUEN;[-69.91165278,-36.82359167]
ENSERVICIO;BAJADA DEL AGRIO;RARQBAG01;NEUQUEN;[-70.02648611,-38.40473333]
ENSERVICIO;VISTA ALEGRE SUR (DESVINCULADO);RARQASR01;NEUQUEN;[-68.13476944,-38.771625]
ENSERVICIO;ARROYITO;RARQARY01;NEUQUEN;[-68.56725278,-39.07191944]
ENSERVICIO;VISTA ALEGRE NORTE (DESVINCULADO);RARQANR01;NEUQUEN;[-68.17393056,-38.73098056]
ENSERVICIO;VILLA SANTA ROSA;RARJVSR01;SAN JUAN;[-68.315,-31.74555556]
ENSERVICIO;VILLA EL TANGO;RARJVET01;SAN JUAN;[-68.24208333,-31.74805556]
ENSERVICIO;VILLA BORJAS;RARJVBJ01;SAN JUAN;[-68.328612,-31.81081]
ENSERVICIO;EL RINCON;RARJRIN01;SAN JUAN;[-68.31972222,-31.665]
ENSERVICIO;VILLA TULUMAYA;RARMVTU01;MENDOZA;[-68.58938056,-32.71966389]
ENSERVICIO;TUNUYAN (SILICA);RARMTNY01;MENDOZA;[-69.020645,-33.61479]
ENSERVICIO;SANTA ROSA SILICA;RARMSTR01;MENDOZA;[-68.117342,-33.248778]
ENSERVICIO;SAN CARLOS;RARMSNC01;MENDOZA;[-69.04103889,-33.7712]
ENSERVICIO;MENDOZA (MPLS);RARMMDZ02;MENDOZA;[-68.82823056,-32.8830167]
ENSERVICIO;MENDOZA (DWDM);RARMMDZ01;MENDOZA;[-68.82823056,-32.8830167]
ENSERVICIO;LAS VIOLETAS;RARMLVS01;MENDOZA;[-68.60633056,-32.82212222]
ENSERVICIO;BARRIO JOCOLI II;RARMJVJ01;MENDOZA;[-68.660069,-32.650868]
ENSERVICIO;INGENIERO GUSTAVO ANDRE;RARMIGA01;MENDOZA;[-68.31643611,-32.67673611]
ENSERVICIO;EL VERGEL;RARMEVG01;MENDOZA;[-68.61277778,-32.78555556]
ENSERVICIO;EUGENIO BUSTOS;RARMEBT01;MENDOZA;[-69.060025,-33.77418056]
ENSERVICIO;LAS CATITAS;RARMCTT01;MENDOZA;[-68.04661389,-33.30418333]
ENSERVICIO;CHILECITO;RARMCHT01;MENDOZA;[-69.06914167,-33.88847222]
ENSERVICIO;COSTA DE ARAUJO;RARMCAJ01;MENDOZA;[-68.40745,-32.75335556]
ENSERVICIO;BARRIO LA PEGA;RARMBLP01;MENDOZA;[-68.66527778,-32.80666667]
ENSERVICIO;BARRIO ALTO DEL OLVIDO;RARMBAO01;MENDOZA;[-68.58361111,-32.66888889]
ENSERVICIO;SAN VICENTE;RARNSVC01;MISIONES;[-54.4873,-26.99398333]
ENSERVICIO;SAN PEDRO;RARNSPE01;MISIONES;[-54.11433333,-26.62591667]
ENSERVICIO;SAN JOSE;RARNSNJ01;MISIONES;[-55.77979167,-27.76862778]
ENSERVICIO;POSADAS;RARNPSD01;MISIONES;[-55.890025,-27.43091389]
ENSERVICIO;PARAISO;RARNPRS01;MISIONES;[-54.204519,-26.689758]
ENSERVICIO;1° DE MAYO;RARNPDM01;MISIONES;[-55.027087,-27.16917]
ENSERVICIO;OBERA;RARNOBE01;MISIONES;[-55.10926667,-27.50046944]
ENSERVICIO;OLEGARIO V. ANDRADE;RARNOAN01;MISIONES;[-55.502488,-27.56989]
ENSERVICIO;LEANDRO N. ALEM;RARNLNA01;MISIONES;[-55.32125,-27.60483333]
ENSERVICIO;LOS HELECHOS;RARNLHL01;MISIONES;[-55.076642,-27.556114]
ENSERVICIO;GOBERNADOR LOPEZ (DESVINCULADO);RARNGLZ01;MISIONES;[-55.212966,-27.665374]
ENSERVICIO;2 DE MAYO (NUCLEO 2);RARNDMY01;MISIONES;[-54.663996,-27.029507]
ENSERVICIO;2 DE MAYO (NUCLEO 3);RARNDMA01;MISIONES;[-54.60730556,-27.01233333]
ENSERVICIO;2 DE MAYO (NUCLEO 1);RARNDDM01;MISIONES;[-54.6876,-27.02155]
ENSERVICIO;CAA - YARI;RARNCYI01;MISIONES;[-55.299521,-27.485512]
ENSERVICIO;CAMPO RAMON;RARNCRA01;MISIONES;[-55.022584,-27.457705]
ENSERVICIO;CAMPO VIERA;RARNCPV01;MISIONES;[-55.0516166,-27.3305333]
ENSERVICIO;CAMPO GRANDE;RARNCGD01;MISIONES;[-54.975396,-27.214249]
ENSERVICIO;CERRO AZUL;RARNCAZ01;MISIONES;[-55.49644722,-27.63339167]
ENSERVICIO;ARISTOBULO DEL VALLE;RARNADV01;MISIONES;[-54.89213333,-27.10326667]
ENSERVICIO;SAN CARLOS;RARWSNC01;CORRIENTES;[-55.90027778,-27.74446944]
ENSERVICIO;ITUZAINGO;RARWITZ01;CORRIENTES;[-56.6766,-27.58036667]
ENSERVICIO;ET ITA-IBATE;RARWITA01;CORRIENTES;[-57.336807,-27.446296]
ENSERVICIO;VILLA RUIZ;RARBVRZ01;BUENOS AIRES;[-59.26239,-34.431389]
ENSERVICIO;TOMAS JOFRE - JORGE BORN;RARBTJF01;BUENOS AIRES;[-59.316417,-34.700417]
ENSERVICIO;SUIPACHA;RARBSUI01;BUENOS AIRES;[-59.696286,-34.776292]
ENSERVICIO;SAN SEBASTIAN;RARBSSB01;BUENOS AIRES;[-59.70430556,-34.9434722]
ENSERVICIO;SAN ANDRES DE GILES;RARBSAG01;BUENOS AIRES;[-59.441972,-34.447194]
ENSERVICIO;RAWSON;RARBRWN01;BUENOS AIRES;[-60.06969444,-34.60525]
ENSERVICIO;PUEBLO GOUIN;RARBPGO01;BUENOS AIRES;[-59.80441667,-34.4926667]
ENSERVICIO;OLIVERA;RARBOVE01;BUENOS AIRES;[-59.2554,-34.627317]
ENSERVICIO;MERCEDES;RARBMCD01;BUENOS AIRES;[-59.440553,-34.675156]
ENSERVICIO;LA RICA;RARBLRC01;BUENOS AIRES;[-59.861472,-34.972556]
ENSERVICIO;LUJAN;RARBLJN01;BUENOS AIRES;[-59.109503,-34.579061]
ENSERVICIO;LOS ANGELES;RARBLAS01;BUENOS AIRES;[-60.17889444,-34.4554639]
ENSERVICIO;GOWLAND;RARBGWL01;BUENOS AIRES;[-59.3595,-34.654556]
ENSERVICIO;GENERAL RIVAS;RARBGRV01;BUENOS AIRES;[-59.749222,-34.608139]
ENSERVICIO;GOROSTIAGA;RARBGRT01;BUENOS AIRES;[-59.86720556,-34.8389222]
ENSERVICIO;GENERAL RODRIGUEZ;RARBGRD01;BUENOS AIRES;[-58.96486944,-34.60744167]
ENSERVICIO;GAHAN;RARBGAH01;BUENOS AIRES;[-60.09916667,-34.3386111]
ENSERVICIO;FRANKLIN;RARBFKN01;BUENOS AIRES;[-59.62936111,-34.60917778]
ENSERVICIO;EMILIO AYARZA (DESVINCULADO);RARBEAY01;BUENOS AIRES;[-60.04022222,-34.7472222]
ENSERVICIO;CASTILLA;RARBCTI01;BUENOS AIRES;[-59.89820833,-34.6116778]
ENSERVICIO;CARLOS KEEN;RARBCKN01;BUENOS AIRES;[-59.2175,-34.48888889]
ENSERVICIO;CHIVILCOY;RARBCHV01;BUENOS AIRES;[-59.99333333,-34.91833333]
ENSERVICIO;CUCULLU;RARBCCL01;BUENOS AIRES;[-59.36046944,-34.4453083]
ENSERVICIO;CARMEN DE ARECO;RARBCAR01;BUENOS AIRES;[-59.82036389,-34.38752778]
ENSERVICIO;BERDIER;RARBBRR01;BUENOS AIRES;[-60.25111111,-34.3988889]
ENSERVICIO;AZCUENAGA;RARBAZC01;BUENOS AIRES;[-59.375942,-34.363648]
ENSERVICIO;BARRIO SANTA PAULA;RARBSPA01;BUENOS AIRES;[-57.68613889,-37.93163056]
ENSERVICIO;SIERRA DE LOS PADRES;RARBSDP01;BUENOS AIRES;[-57.78494,-37.9369]
ENSERVICIO;NAPALEOFU;RARBNPL01;BUENOS AIRES;[-58.74756389,-37.6289444]
ENSERVICIO;MAR DEL PLATA;RARBMDP01;BUENOS AIRES;[-57.55039167,-37.9973778]
ENSERVICIO;MAR DE COBO;RARBMDC01;BUENOS AIRES;[-57.453917,-37.773969]
ENSERVICIO;MAR CHIQUITA;RARBMCQ01;BUENOS AIRES;[-57.433025,-37.7426861]
ENSERVICIO;LOS PINOS;RARBLPN01;BUENOS AIRES;[-58.324894,-37.943169]
ENSERVICIO;SANTA CLARA DEL MAR;RARBCLM01;BUENOS AIRES;[-57.507356,-37.842042]
ENSERVICIO;BALCARCE;RARBBLC01;BUENOS AIRES;[-58.24926111,-37.84979167]
ENSERVICIO;BARRIO LA GLORIA;RARBBGL01;BUENOS AIRES;[-57.78501111,-37.90758889]
ENSERVICIO;BARRIO EL COYUNCO;RARBBEC01;BUENOS AIRES;[-57.74728056,-37.91791944]
ENSERVICIO;BARRIO COLINAS VERDES;RARBBCV01;BUENOS AIRES;[-57.82196944,-37.89308889]
ENSERVICIO;VILLA UNION;RARFVUN01;LA RIOJA;[-68.218968,-29.314181]
ENSERVICIO;VICHIGASTA;RARFVCH01;LA RIOJA;[-67.506996,-29.485909]
ENSERVICIO;PATQUIA;RARFPTQ01;LA RIOJA;[-66.87872222,-30.04453611]
ENSERVICIO;POLCO;RARFPOC01;LA RIOJA;[-66.346274,-30.419179]
ENSERVICIO;NONOGASTA;RARFNNG01;LA RIOJA;[-67.506733,-29.301745]
ENSERVICIO;MILAGRO;RARFMGR01;LA RIOJA;[-65.99277778,-31.00816667]
ENSERVICIO;LA RIOJA;RARFLRJ01;LA RIOJA;[-66.873083333,-29.426105556]
ENSERVICIO;PUNTA DE LOS LLANOS;RARFLLA01;LA RIOJA;[-66.54430556,-30.15361111]
ENSERVICIO;GUANDACOL;RARFGND01;LA RIOJA;[-68.55403333,-29.52594722]
ENSERVICIO;LA TORRE - EL CHIFLON;RARFECH01;LA RIOJA;[-67.60243333,-30.20448333]
ENSERVICIO;CHEPES;RARFCHP01;LA RIOJA;[-66.57688611,-31.34456667]
ENSERVICIO;CHAMICAL;RARFCHL01;LA RIOJA;[-66.31252778,-30.36708333]
ENSERVICIO;CHANAR;RARFCHA01;LA RIOJA;[-65.95666667,-30.5408333]
ENSERVICIO;CHASCOMUS;RARBCHM01;BUENOS AIRES;[-58.01896944,-35.5737361]
ENSERVICIO;ABASTO (SILICA);RARBABT01;BUENOS AIRES;[-58.162875,-34.9663416667]
ENSERVICIO;LOS BLANCOS;RARALBL01;SALTA;[-62.59499167,-23.60638333]
ENSERVICIO;CORONEL JUAN SOLA;RARACJS01;SALTA;[-62.88200556,-23.47294444]
ENSERVICIO;CAPITAN JUAN PAGE;RARACJP01;SALTA;[-62.376097,-23.686397]
ENSERVICIO;LAS LOMITAS;RARPLLM01;FORMOSA;[-60.59307222,-24.713175]
ENSERVICIO;LAGUNA YEMA;RARPLGY01;FORMOSA;[-61.24861389,-24.2540417]
ENSERVICIO;IBARRETA;RARPIBR01;FORMOSA;[-59.85787222,-25.2157417]
ENSERVICIO;VENADO TUERTO;RARSVEN01;SANTA FE;[-61.957725,-33.7536667]
ENSERVICIO;TEODELINA;RARSTDA01;SANTA FE;[-61.524,-34.1961944]
ENSERVICIO;SANCTI SPIRITU;RARSSPU01;SANTA FE;[-62.23886667,-34.00811111]
ENSERVICIO;SAN GREGORIO;RARSSGR01;SANTA FE;[-62.03641667,-34.32288889]
ENSERVICIO;RUFINO;RARSRFN01;SANTA FE;[-62.70952778,-34.2631944]
ENSERVICIO;DIEGO DE ALVEAR;RARSDDA01;SANTA FE;[-62.12951111,-34.3726111]
ENSERVICIO;AMENABAR;RARSAME01;SANTA FE;[-62.41722222,-34.13546944]
ENSERVICIO;AARON CASTELLANOS;RARSAAC01;SANTA FE;[-62.37058611,-34.33095278]
ENSERVICIO;VEDIA;RARBVED01;BUENOS AIRES;[-61.558728,-34.498003]
ENSERVICIO;IRIARTE;RARBSRI01;BUENOS AIRES;[-61.928475,-34.4162278]
ENSERVICIO;SAFORCADA;RARBSFC01;BUENOS AIRES;[-61.075861,-34.577542]
ENSERVICIO;PATRICIOS;RARBPTR01;BUENOS AIRES;[-60.716524,-35.439027]
ENSERVICIO;O'HIGGINS;RARBOHI01;BUENOS AIRES;[-60.70373889,-34.5838]
ENSERVICIO;9 DE JULIO;RARBNDJ01;BUENOS AIRES;[-60.87249,-35.4409]
ENSERVICIO;MARCELINO UGARTE;RARBMUG01;BUENOS AIRES;[-60.745025,-35.351789]
ENSERVICIO;MORSE;RARBMRS01;BUENOS AIRES;[-60.84036944,-34.7588472]
ENSERVICIO;LAPLACETTE;RARBLTT01;BUENOS AIRES;[-61.155771,-34.720701]
ENSERVICIO;LEANDRO N. ALEM;RARBLNA01;BUENOS AIRES;[-61.39099167,-34.5226194]
ENSERVICIO;BALNEARIO LAGUNA DE GOMEZ;RARBLGO01;BUENOS AIRES;[-61.0193,-34.6559056]
ENSERVICIO;LA AURORA;RARBLAU01;BUENOS AIRES;[-61.207458,-35.408035]
ENSERVICIO;JUNIN;RARBJNN01;BUENOS AIRES;[-60.93161111,-34.56901944]
ENSERVICIO;JUAN BAUTISTA ALBERDI;RARBJBA01;BUENOS AIRES;[-61.80981667,-34.4379944]
ENSERVICIO;IRALA;RARBIRL01;BUENOS AIRES;[-60.69081111,-34.7726194]
ENSERVICIO;EL DORADO;RARBEDO01;BUENOS AIRES;[-61.58135,-34.6485639]
ENSERVICIO;CARLOS MARIA NAON;RARBCMN01;BUENOS AIRES;[-60.824528,-35.238625]
ENSERVICIO;CHACABUCO;RARBCHB01;BUENOS AIRES;[-60.46585278,-34.62842222]
ENSERVICIO;BERMUDEZ (DESVINCULADO);RARBBMZ01;BUENOS AIRES;[-61.32461111,-34.69230556]
ENSERVICIO;BAIGORRITA;RARBBGR01;BUENOS AIRES;[-60.98280833,-34.7477111]
ENSERVICIO;BRAGADO;RARBBGD01;BUENOS AIRES;[-60.47111111,-35.1283333]
ENSERVICIO;ALBERDI VIEJO;RARBAVI01;BUENOS AIRES;[-61.84444444,-34.4419444]
ENSERVICIO;AGUSTIN ROCA;RARBAGT01;BUENOS AIRES;[-60.871035,-34.508096]
ENSERVICIO;AGUSTINA;RARBAGS01;BUENOS AIRES;[-61.064061,-34.460904]
ENSERVICIO;YUTO;RARYYUT01;JUJUY;[-64.47055,-23.64161111]
ENSERVICIO;YALA;RARYYAL01;JUJUY;[-65.401667,-24.118611]
ENSERVICIO;VINALITO;RARYVNL01;JUJUY;[-64.415305556,-23.667944444]
ENSERVICIO;VOLCAN;RARYVLN01;JUJUY;[-65.46397222,-23.91780556]
ENSERVICIO;TUMBAYA;RARYTMY01;JUJUY;[-65.46634167,-23.85431111]
ENSERVICIO;SAUZAL;RARYSZL01;JUJUY;[-64.95749167,-24.297675]
ENSERVICIO;SAN PEDRO DE JUJUY;RARYSPE01;JUJUY;[-64.86322222,-24.23869444]
ENSERVICIO;ROSARIO DE RIO GRANDE;RARYRRG01;JUJUY;[-64.93117778,-24.30761111]
ENSERVICIO;RODEITO;RARYRDE01;JUJUY;[-64.76883611,-24.27088333]
ENSERVICIO;PERICO;RARYPRC01;JUJUY;[-65.11528333,-24.37549722]
ENSERVICIO;PARAPETI;RARYPPT01;JUJUY;[-64.846572,-24.237603]
ENSERVICIO;PALPALA;RARYPPL01;JUJUY;[-65.21231667,-24.25867778]
ENSERVICIO;PUENTE LAVAYEN;RARYPLV01;JUJUY;[-64.706169,-24.273328]
ENSERVICIO;PALOS BLANCOS;RARYPBL01;JUJUY;[-64.94674722,-24.32739444]
ENSERVICIO;MIRAFLORES;RARYMRF01;JUJUY;[-64.82227778,-24.22513889]
ENSERVICIO;LOZANO;RARYLZN01;JUJUY;[-65.404167,-24.091222]
ENSERVICIO;SAN LUCAS;RARYLUS01;JUJUY;[-64.86437222,-24.26747222]
ENSERVICIO;LA MENDIETA;RARYLME01;JUJUY;[-64.96604722,-24.31318611]
ENSERVICIO;LIBERTADOR GENERAL SAN MARTIN;RARYLGS01;JUJUY;[-64.79873889,-23.81651944]
ENSERVICIO;LA ESPERANZA;RARYLEZ01;JUJUY;[-64.841081,-24.227458]
ENSERVICIO;LEON;RARYLEN01;JUJUY;[-65.433083,-24.032083]
ENSERVICIO;SAN SALVADOR DE JUJUY;RARYJJY01;JUJUY;[-65.32754167,-24.17875833]
ENSERVICIO;GUERRERO;RARYGUE01;JUJUY;[-65.449944,-24.18575]
ENSERVICIO;FRAILE PINTADO;RARYFLP01;JUJUY;[-64.80038889,-23.94307222]
ENSERVICIO;EL TALAR;RARYETA01;JUJUY;[-64.361167,-23.557972]
ENSERVICIO;EL PUESTO;RARYEPS01;JUJUY;[-64.78955556,-24.19835278]
ENSERVICIO;EL ACHERAL;RARYEAC01;JUJUY;[-64.798362,-24.403414]
ENSERVICIO;DON EMILIO;RARYDEM01;JUJUY;[-64.90741111,-24.31513889]
ENSERVICIO;CAIMANCITO;RARYCMC01;JUJUY;[-64.602333,-23.740333]
ENSERVICIO;CALILEGUA;RARYCLL01;JUJUY;[-64.776,-23.77252778]
ENSERVICIO;CHALICAN;RARYCLC01;JUJUY;[-64.80698889,-24.06906667]
ENSERVICIO;BARCENA;RARYBRC01;JUJUY;[-65.452911,-23.982475]
ENSERVICIO;BANANAL;RARYBNN01;JUJUY;[-64.50236111,-23.56561111]
ENSERVICIO;BARRIO LA UNION;RARYBLU01;JUJUY;[-65.06995,-24.40512778]
ENSERVICIO;ARRAYANAL;RARYAYN01;JUJUY;[-64.84009444,-24.17766667]
ENSERVICIO;YAVI CHICO;RARYYVC01;JUJUY;[-65.45866667,-22.09991667]
ENSERVICIO;YAVI;RARYYAV01;JUJUY;[-65.45983333,-22.13191667]
ENSERVICIO;UQUIA;RARYUQU01;JUJUY;[-65.35756183,-23.30180652]
ENSERVICIO;TILCARA;RARYTIL01;JUJUY;[-65.39497778,-23.57438056]
ENSERVICIO;TRES CRUCES;RARYTCC01;JUJUY;[-65.58652778,-22.91941667]
ENSERVICIO;SUSQUES;RARYSSQ01;JUJUY;[-66.36625278,-23.39781667]
ENSERVICIO;SAN JUAN DE OROS;RARYSJO01;JUJUY;[-66.24793333,-22.22538333]
ENSERVICIO;SANTA CATALINA;RARYSCA01;JUJUY;[-66.05135278,-21.94499444]
ENSERVICIO;PURMAMARCA;RARYPMM01;JUJUY;[-65.50566667,-23.74052778]
ENSERVICIO;PUMAHUASI;RARYPMH01;JUJUY;[-65.68019444,-22.28788889]
ENSERVICIO;CIENAGA DE PAICONE;RARYPAI01;JUJUY;[-66.41333333,-22.17861111]
ENSERVICIO;ORATORIO;RARYORA01;JUJUY;[-66.13144444,-22.09944444]
ENSERVICIO;NUEVO PIRQUITAS;RARYNPQ01;JUJUY;[-66.45585278,-22.68759167]
ENSERVICIO;MISARRUMI;RARYMSR01;JUJUY;[-66.36722222,-22.25944444]
ENSERVICIO;MAIMARA;RARYMAI01;JUJUY;[-65.413889,-23.635]
ENSERVICIO;LIVIARA;RARYLVA01;JUJUY;[-66.33777778,-22.51972222]
ENSERVICIO;LA INTERMEDIA;RARYLIN01;JUJUY;[-65.70186111,-22.42394444]
ENSERVICIO;LA QUIACA;RARYLAQ01;JUJUY;[-65.59119167,-22.10578611]
ENSERVICIO;JUELLA;RARYJUE01;JUJUY;[-65.411222,-23.513889]
ENSERVICIO;HIPOLITO YRIGOYEN (ITURBE);RARYHYY01;JUJUY;[-65.35296944,-22.97903611]
ENSERVICIO;HUMAHUACA;RARYHUM01;JUJUY;[-65.35190833,-23.20077222]
ENSERVICIO;HUACALERA;RARYHUA01;JUJUY;[-65.35138889,-23.43377778]
ENSERVICIO;CUSI CUSI;RARYCSI01;JUJUY;[-66.4925,-22.34083333]
ENSERVICIO;CORANZULI;RARYCNZ01;JUJUY;[-66.36555556,-23.01638889]
ENSERVICIO;CIENEGUILLAS;RARYCNG01;JUJUY;[-65.86648333,-22.1008]
ENSERVICIO;COLONIA SAN JOSE;RARYCJO01;JUJUY;[-65.345806,-23.39375]
ENSERVICIO;CASIRA;RARYCIA01;JUJUY;[-65.89527222,-21.97830556]
ENSERVICIO;CANGREJILLOS;RARYCGJ01;JUJUY;[-65.58213889,-22.42572222]
ENSERVICIO;BARRIOS;RARYBAR01;JUJUY;[-65.52787171,-22.24627796]
ENSERVICIO;ABRA PAMPA;RARYABP01;JUJUY;[-65.688892,-22.724283]
ENSERVICIO;VILLA CORDOBA;RARWVCB01;CORRIENTES;[-59.07912778,-28.99281111]
ENSERVICIO;SANTA LUCIA;RARWSLU01;CORRIENTES;[-59.09896944,-28.97451389]
ENSERVICIO;PARADA PUCHETA;RARWPPU01;CORRIENTES;[-57.57419444,-29.90538889]
ENSERVICIO;PASO DE LOS LIBRES;RARWPDL01;CORRIENTES;[-57.08069444,-29.7115]
ENSERVICIO;MOCORETA;RARWMTA01;CORRIENTES;[-57.97052778,-30.61536111]
ENSERVICIO;MONTE CASEROS;RARWMCS01;CORRIENTES;[-57.65275,-30.25519444]
ENSERVICIO;LAVALLE;RARWLVL01;CORRIENTES;[-59.17830556,-29.02866667]
ENSERVICIO;JUAN PUJOL;RARWJPJ01;CORRIENTES;[-57.85645556,-30.41752222]
ENSERVICIO;GOYA;RARWGYA01;CORRIENTES;[-59.24827778,-29.16161667]
ENSERVICIO;ESQUINA;RARWEQN01;CORRIENTES;[-59.52844444,-30.01525]
ENSERVICIO;CRUZ DE LOS MILAGROS;RARWCMI01;CORRIENTES;[-59.00372222,-28.83697222]
ENSERVICIO;BELLA VISTA;RARWBVT01;CORRIENTES;[-59.03736111,-28.517925]
ENSERVICIO;BONPLAND;RARWBNP01;CORRIENTES;[-57.42736111,-29.81708333]
ENSERVICIO;URDINARRAIN;RAREUDR01;ENTRE RIOS;[-58.89186111,-32.6788333]
ENSERVICIO;GENERAL GALARZA;RAREGRZ01;ENTRE RIOS;[-59.39337778,-32.72915]
ENSERVICIO;GUALEGUAY;RAREGLY01;ENTRE RIOS;[-59.31715833,-33.1319361]
ENSERVICIO;GUALEGUAYCHU;RAREGCH01;ENTRE RIOS;[-58.53351944,-33.0121694]
ENSERVICIO;GOBERNADOR SOLA;RAREGBS01;ENTRE RIOS;[-59.37033333,-32.3375]
ENSERVICIO;BASAVILBASO;RAREBSV01;ENTRE RIOS;[-58.87845833,-32.37117222]
ENSERVICIO;TATANE;RARPTTN01;FORMOSA;[-58.34417778,-26.3937472]
ENSERVICIO;RIACHO NEGRO;RARPRNG01;FORMOSA;[-57.79273333,-25.424575]
ENSERVICIO;PIRANE;RARPPIR01;FORMOSA;[-59.10506944,-25.7303639]
ENSERVICIO;ING. GUILLERMO N. JUAREZ;RARPIGJ01;FORMOSA;[-61.85263333,-23.8975972]
ENSERVICIO;GRAL. LUCIO V. MANSILLA;RARPGLU01;FORMOSA;[-58.630975,-26.6594722]
ENSERVICIO;GRAN GUARDIA;RARPGGU01;FORMOSA;[-58.88882778,-25.8641278]
ENSERVICIO;FORMOSA;RARPFMS01;FORMOSA;[-58.20715,-26.2057306]
ENSERVICIO;CLORINDA;RARPCLR01;FORMOSA;[-57.72604444,-25.2884083]
ENSERVICIO;CANADA 12;RARPC1201;FORMOSA;[-58.08538611,-25.8816278]
ENSERVICIO;BARTOLOME DE LAS CASAS;RARPBDC01;FORMOSA;[-59.566667,-25.42]
ENSERVICIO;RIO VILLEGAS;RARRRVI01;RIO NEGRO;[-71.50090833,-41.57824722]
ENSERVICIO;EL FOYEL;RARREFY01;RIO NEGRO;[-71.45965278,-41.65309167]
ENSERVICIO;EL BOLSON;RARREBO01;RIO NEGRO;[-71.52751667,-41.97290556]
ENSERVICIO;TECKA;RARUTCK01;CHUBUT;[-70.804908,-43.500344]
ENSERVICIO;LAGO EPUYEN;RARULGE01;CHUBUT;[-71.416638,-42.218335]
ENSERVICIO;LAGO PUELO;RARULAP01;CHUBUT;[-71.546614,-42.026261]
ENSERVICIO;ESQUEL;RARUESQ01;CHUBUT;[-71.287917,-42.907733]
ENSERVICIO;EPUYEN;RARUEPY01;CHUBUT;[-71.355086,-42.228372]
ENSERVICIO;EL HOYO;RARUELH01;CHUBUT;[-71.49515,-42.061501]
ENSERVICIO;VILLA SAN JUSTO;RAREVSJ01;ENTRE RIOS;[-58.43461667,-32.4489278]
ENSERVICIO;VILLAGUAY;RAREVLY01;ENTRE RIOS;[-59.03486111,-31.8636889]
ENSERVICIO;SAN SALVADOR;RARESSV01;ENTRE RIOS;[-58.51511111,-31.6243056]
ENSERVICIO;FREITAS SAN PEDRO;RARESPE01;ENTRE RIOS;[-58.07956389,-30.755125]
ENSERVICIO;SAN JAIME DE LA FRONTERA;RARESJM01;ENTRE RIOS;[-58.31655556,-30.3403611]
ENSERVICIO;SAN JOSE DE FELICIANO;RARESJF01;ENTRE RIOS;[-58.75016667,-30.3841944]
ENSERVICIO;SAN GUSTAVO;RARESGU01;ENTRE RIOS;[-59.39372222,-30.6895833]
ENSERVICIO;SAUCE DE LUNA;RARESCL01;ENTRE RIOS;[-59.21733056,-31.23784444]
ENSERVICIO;OSVALDO MAGNASCO;RAREOMG01;ENTRE RIOS;[-58.05928611,-31.3127222]
ENSERVICIO;NUEVA VIZCAYA;RARENVC01;ENTRE RIOS;[-58.61166389,-30.96779722]
ENSERVICIO;LA PAZ;RARELPZ01;ENTRE RIOS;[-59.63423611,-30.73535]
ENSERVICIO;LA CRIOLLA;RARELCR01;ENTRE RIOS;[-58.11322222,-31.2688333]
ENSERVICIO;LOS CONQUISTADORES;RARELCQ01;ENTRE RIOS;[-58.46502778,-30.58986111]
ENSERVICIO;LOS CHARRUAS;RARELCH01;ENTRE RIOS;[-58.18538889,-31.16891667]
ENSERVICIO;EL CIMARRON;RAREECN01;ENTRE RIOS;[-58.97826944,-30.9864583]
ENSERVICIO;COLONIA PENA (DESVINCULADO);RARECPA01;ENTRE RIOS;[-58.18865,-30.8014667]
ENSERVICIO;CALABACILLA;RARECLB01;ENTRE RIOS;[-58.13470556,-31.50665833]
ENSERVICIO;CHAJARI;RARECHJ01;ENTRE RIOS;[-57.98850556,-30.75574444]
ENSERVICIO;CONCEPCION DEL URUGUAY;RARECDU01;ENTRE RIOS;[-58.25335,-32.48446389]
ENSERVICIO;CONCORDIA;RARECCD01;ENTRE RIOS;[-58.01830556,-31.38165833]
ENSERVICIO;CASEROS;RARECAS01;ENTRE RIOS;[-58.47422222,-32.46175]
ENSERVICIO;CONSCRIPTO BERNARDI;RAREBND01;ENTRE RIOS;[-59.08746944,-31.0450833]
ENSERVICIO;COLONIA WANDA;RARNWND01;MISIONES;[-54.56134444,-25.97140278]
ENSERVICIO;TOBUNA;RARNTON01;MISIONES;[-53.890948,-26.471073]
ENSERVICIO;SAN ANTONIO;RARNSNT01;MISIONES;[-53.736302,-26.055283]
ENSERVICIO;PINALITO SUR;RARNPSR01;MISIONES;[-53.84386111,-26.42727778]
ENSERVICIO;PUERTO IGUAZU;RARNIGZ01;MISIONES;[-54.56454444,-25.61106389]
ENSERVICIO;CRUCE CABALLERO;RARNCCB01;MISIONES;[-53.94166667,-26.54238889]
ENSERVICIO;BERNARDO DE IRIGOYEN;RARNBDI01;MISIONES;[-53.64576944,-26.25511944]
ENSERVICIO;PICO TRUNCADO;RARZTRN01;SANTA CRUZ;[-67.94566667,-46.79236389]
ENSERVICIO;KOLUEL KAIKE;RARZKKK01;SANTA CRUZ;[-68.21626389,-46.71786389]
ENSERVICIO;CALETA OLIVIA;RARZCLO01;SANTA CRUZ;[-67.514386,-46.457964]
ENSERVICIO;COMODORO RIVADAVIA;RARUCRV01;CHUBUT;[-67.4889722222,-45.8546638889]
ENSERVICIO;SELVA;RARGSLV01;SANTIAGO DEL ESTERO;[-62.04766667,-29.76361111]
ENSERVICIO;VILLA TRINIDAD;RARSVTR01;SANTA FE;[-61.87502778,-30.2114167]
ENSERVICIO;TOSTADO;RARSTST01;SANTA FE;[-61.77751944,-29.2287222]
ENSERVICIO;TACURAL (DESVINCULADO);RARSTCR01;SANTA FE;[-61.58918333,-30.8432972]
ENSERVICIO;SUNCHALES;RARSSUN01;SANTA FE;[-61.54760833,-30.945675]
ENSERVICIO;PRESIDENTE ROCA (DESVINCULADO);RARSPRO01;SANTA FE;[-61.61417222,-31.20921944]
ENSERVICIO;PALACIOS;RARSPLS01;SANTA FE;[-61.62102778,-30.70794444]
ENSERVICIO;NUEVA LEHMANN (DESVINCULADO);RARSNLH01;SANTA FE;[-61.51331944,-31.1175417]
ENSERVICIO;MOISES VILLE;RARSMSV01;SANTA FE;[-61.47138889,-30.72083333]
ENSERVICIO;MONIGOTES;RARSMGT01;SANTA FE;[-61.633875,-30.4918361]
ENSERVICIO;MONTEFIORE;RARSMFR01;SANTA FE;[-61.86602778,-29.6658333]
ENSERVICIO;LA RUBIA;RARSLRB01;SANTA FE;[-61.79286667,-30.1113389]
ENSERVICIO;LAS PALMERAS;RARSLPS01;SANTA FE;[-61.62716667,-30.62661111]
ENSERVICIO;LOGRONO;RARSLOG01;SANTA FE;[-61.69683333,-29.50286111]
ENSERVICIO;LEHMANN;RARSLEH01;SANTA FE;[-61.44971944,-31.1233222]
ENSERVICIO;HERSILIA;RARSHRS01;SANTA FE;[-61.85527778,-29.9989861]
ENSERVICIO;EGUSQUIZA;RARSEGQ01;SANTA FE;[-61.62675556,-31.0943611]
ENSERVICIO;CURUPAYTI;RARSCRY01;SANTA FE;[-61.65325,-30.3949444]
ENSERVICIO;CERES;RARSCRS01;SANTA FE;[-61.94908333,-29.86397222]
ENSERVICIO;COLONIA RAQUEL (DESVINCULADO);RARSCRQ01;SANTA FE;[-61.49011389,-30.8363056]
ENSERVICIO;COLONIA BOSSI;RARSBSS01;SANTA FE;[-61.78906944,-30.6690806]
ENSERVICIO;ATALIVA;RARSATA01;SANTA FE;[-61.43258056,-31.0005639]
ENSERVICIO;ARRUFO;RARSARF01;SANTA FE;[-61.72727778,-30.23163889]
ENSERVICIO;VILLA DEL TOTORAL;RARXVTT01;CORDOBA;[-64.05856389,-30.70451667]
ENSERVICIO;VILLA GUTIERREZ;RARXVGU01;CORDOBA;[-64.160214,-30.679758]
ENSERVICIO;TIO PUJIO;RARXTPJ01;CORDOBA;[-63.353455,-32.286138]
ENSERVICIO;TANCACHA (DESVINCULADO);RARXTNC01;CORDOBA;[-63.98343056,-32.23443056]
ENSERVICIO;SAN JOSE DE LAS SALINAS;RARXSSL01;CORDOBA;[-64.62219167,-30.00819444]
ENSERVICIO;SINSACATE;RARXSSC01;CORDOBA;[-64.094772,-30.943036]
ENSERVICIO;SERREZUELA;RARXSRZ01;CORDOBA;[-65.39255,-30.6391167]
ENSERVICIO;VILLA DE SOTO;RARXSOT01;CORDOBA;[-65.01383333,-30.85405556]
ENSERVICIO;SOCAVONES;RARXSCV01;CORDOBA;[-64.14669444,-31.52745]
ENSERVICIO;SAN AGUSTIN;RARXSAT01;CORDOBA;[-64.377576,-31.976629]
ENSERVICIO;SARMIENTO;RARXSAR01;CORDOBA;[-64.10851389,-30.77575]
ENSERVICIO;RIO PRIMERO;RARXRPR01;CORDOBA;[-63.62111111,-31.3348056]
ENSERVICIO;RAFAEL GARCIA;RARXRGC01;CORDOBA;[-64.25920556,-31.64705556]
ENSERVICIO;QUILINO;RARXQUI01;CORDOBA;[-64.49614444,-30.2135722]
ENSERVICIO;LOS POZOS;RARXPZS01;CORDOBA;[-64.253675,-30.51999444]
ENSERVICIO;PASO VIEJO;RARXPVJ01;CORDOBA;[-65.19025,-30.76697778]
ENSERVICIO;MONTE RALO;RARXMRL01;CORDOBA;[-64.24140833,-31.9085333]
ENSERVICIO;MANFREDI;RARXMNF01;CORDOBA;[-63.74310833,-31.846425]
ENSERVICIO;LOZADA;RARXLZD01;CORDOBA;[-64.09054167,-31.64772778]
ENSERVICIO;LUCIO V MANSILLA;RARXLVM01;CORDOBA;[-64.70973889,-29.8048528]
ENSERVICIO;LOS MOLINOS;RARXLML01;CORDOBA;[-64.37757778,-31.854925]
ENSERVICIO;LAGUNA LARGA;RARXLGL01;CORDOBA;[-63.79956111,-31.77523889]
ENSERVICIO;LAS BAJADAS;RARXLBJ01;CORDOBA;[-64.330916,-32.094729]
ENSERVICIO;KILOMETRO 658;RARXKMS01;CORDOBA;[-63.53292778,-31.37061111]
ENSERVICIO;JESUS MARIA;RARXJMR01;CORDOBA;[-64.09036111,-30.9863861]
ENSERVICIO;HERNANDO CIUDAD;RARXHRN02;CORDOBA;[-63.738775,-32.4228417]
ENSERVICIO;GENERAL PAZ;RARXGPZ01;CORDOBA;[-64.14015,-31.13606389]
ENSERVICIO;GENERAL FOTHERINGHAM;RARXFTH01;CORDOBA;[-63.86802444,-32.323925]
ENSERVICIO;EL CHACHO;RARXECH01;CORDOBA;[-65.65626389,-30.79963056]
ENSERVICIO;DESPENADEROS (DESVINCULADOS);RARXDSP01;CORDOBA;[-64.29596389,-31.81759444]
ENSERVICIO;DEAN FUNES;RARXDFN01;CORDOBA;[-64.35716111,-30.42289444]
ENSERVICIO;CAPILLA DE LOS REMEDIOS;RARXCRM01;CORDOBA;[-63.83223056,-31.42955833]
ENSERVICIO;CORRALITO;RARXCRL01;CORDOBA;[-64.19637778,-32.02675]
ENSERVICIO;CRUZ DEL EJE;RARXCDE01;CORDOBA;[-64.80055833,-30.72420556]
ENSERVICIO;CORDOBA (UNIVERSIDAD);RARXCDB01;CORDOBA;[-64.18978056,-31.43919444]
ENSERVICIO;CASEROS CENTRO;RARXCCO01;CORDOBA;[-64.1476972222,-31.5615638889]
ENSERVICIO;BOUWER;RARXBWR01;CORDOBA;[-64.18791667,-31.5589389]
ENSERVICIO;BANADO DE SOTO;RARXBST01;CORDOBA;[-65.052825,-30.7943667]
ENSERVICIO;AVELLANEDA;RARXADA01;CORDOBA;[-64.20645,-30.595061]
ENSERVICIO;VILLA CLODOMIRO HILERET;RARTVCL01;TUCUMAN;[-65.66203889,-27.47498056]
ENSERVICIO;VILLA BELGRANO;RARTVAB01;TUCUMAN;[-65.61454444,-27.53027222]
ENSERVICIO;SANTA ANA;RARTSTA01;TUCUMAN;[-65.68586111,-27.47348333]
ENSERVICIO;SAN JOSE DE LA COCHA (DESVINCULADO);RARTSJH01;TUCUMAN;[-65.58468333,-27.73188611]
ENSERVICIO;RUMI PUNCO;RARTRMP01;TUCUMAN;[-65.57048056,-27.9839639]
ENSERVICIO;RIO CHICO;RARTRCC01;TUCUMAN;[-65.62085,-27.481]
ENSERVICIO;JUAN BAUTISTA ALBERDI;RARTJBA01;TUCUMAN;[-65.609583,-27.595528]
ENSERVICIO;LA COCHA;RARTCOC01;TUCUMAN;[-65.58397222,-27.76618611]
ENSERVICIO;RECREO;RARKRCR01;CATAMARCA;[-65.05761667,-29.2844667]
ENSERVICIO;QUIROS;RARKQRS01;CATAMARCA;[-65.111003,-28.785864]
ENSERVICIO;PALO LABRADO;RARKPLD01;CATAMARCA;[-65.619367,-28.318328]
ENSERVICIO;MIRAFLORES;RARKMRF01;CATAMARCA;[-65.903906,-28.597992]
ENSERVICIO;MONTE POTRERO;RARKMPT01;CATAMARCA;[-65.662561,-28.180058]
ENSERVICIO;LA VINA;RARKLVI01;CATAMARCA;[-65.595894,-28.037331]
ENSERVICIO;LA MERCED;RARKLMR01;CATAMARCA;[-65.660364,-28.153925]
ENSERVICIO;HUAYCAMA;RARKHYC01;CATAMARCA;[-65.673019,-28.513867]
ENSERVICIO;HUILLAPIMA;RARKHLL01;CATAMARCA;[-65.976894,-28.724342]
ENSERVICIO;EL PORTEZUELO;RARKEPT01;CATAMARCA;[-65.636106,-28.472197]
ENSERVICIO;CAPAYAN;RARKCYN01;CATAMARCA;[-66.048739,-28.760092]
ENSERVICIO;SAN FERNANDO DEL VALLE DE CATAMARCA;RARKCTM01;CATAMARCA;[-65.777639,-28.479083]
ENSERVICIO;CONETA;RARKCON01;CATAMARCA;[-65.890556,-28.585833]
ENSERVICIO;CHUMBICHA;RARKCHU01;CATAMARCA;[-66.23546667,-28.8570139]
ENSERVICIO;COLONIA DEL VALLE;RARKCDV01;CATAMARCA;[-65.868058,-28.653058]
ENSERVICIO;LA BAJADA;RARKBAJ01;CATAMARCA;[-65.620669,-28.381619]
ENSERVICIO;AMADORES;RARKAMD01;CATAMARCA;[-65.637833,-28.261783]
ENSERVICIO;VILLA LLAO LLAO;RARRVLO01;RIO NEGRO;[-71.52444722,-41.05229167]
ENSERVICIO;VILLA LOS COIHUES;RARRVLC01;RIO NEGRO;[-71.40831944,-41.15344444]
ENSERVICIO;VILLA CATEDRAL;RARRVCR01;RIO NEGRO;[-71.437975,-41.16661389]
ENSERVICIO;VILLA CAMPANARIO;RARRVCA01;RIO NEGRO;[-71.452175,-41.10128333]
ENSERVICIO;SIERRA COLORADA;RARRSCO01;RIO NEGRO;[-67.75604444,-40.58708333]
ENSERVICIO;PILCANIYEU;RARRPLC01;RIO NEGRO;[-70.71484722,-41.12064444]
ENSERVICIO;CLEMENTE ONELLI;RARRONE01;RIO NEGRO;[-70.03195833,-41.24577778]
ENSERVICIO;MAQUINCHAO;RARRMAQ01;RIO NEGRO;[-68.70060278,-41.25723889]
ENSERVICIO;LOS MENUCOS;RARRLMN01;RIO NEGRO;[-68.09294167,-40.84488056]
ENSERVICIO;INGENIERO JACOBACCI;RARRJCB01;RIO NEGRO;[-69.53122222,-41.33452778]
ENSERVICIO;DINA HUAPI;RARRDHP01;RIO NEGRO;[-71.168925,-41.074825]
ENSERVICIO;COMALLO;RARRCOM01;RIO NEGRO;[-70.26398056,-41.03466389]
ENSERVICIO;SAN CARLOS DE BARILOCHE;RARRBRL01;RIO NEGRO;[-71.2765916667,-41.1342444444]
ENSERVICIO;BARRIO EL PILAR;RARRBEP01;RIO NEGRO;[-71.33728333,-41.17068333]
ENSERVICIO;AGUADA DE GUERRA;RARRADG01;RIO NEGRO;[-68.38026667,-41.06897222]
ENSERVICIO;VILLA LA ANGOSTURA;RARQVLA01;NEUQUEN;[-71.639407,-40.762316]
ENSERVICIO;SAN MARTIN DE LOS ANDES;RARQSMA01;NEUQUEN;[-71.322375,-40.15097222]
ENSERVICIO;JUNIN DE LOS ANDES;RARQJND01;NEUQUEN;[-71.08159722,-39.94407778]
ENSERVICIO;ZARATE;RARBZRT01;BUENOS AIRES;[-59.048278,-34.105194]
ENSERVICIO;VILLA RAMALLO (DESVINCULADO);RARBVRM01;BUENOS AIRES;[-60.066802,-33.502018]
ENSERVICIO;VINA;RARBVIN01;BUENOS AIRES;[-60.23051,-33.989853]
ENSERVICIO;VILLA ANGELICA (EST. EL SOCORRO);RARBVAN01;BUENOS AIRES;[-60.70798056,-33.6643778]
ENSERVICIO;TORRES;RARBTRR01;BUENOS AIRES;[-59.131639,-34.429694]
ENSERVICIO;TODD;RARBTOD01;BUENOS AIRES;[-60.153441,-34.034443]
ENSERVICIO;SAN VICENTE (DESVINCULADO);RARBSVC01;BUENOS AIRES;[-58.43391,-35.02728]
ENSERVICIO;SAN NICOLAS DE LOS ARROYOS;RARBSNA01;BUENOS AIRES;[-60.2010388889,-33.3388416667]
ENSERVICIO;SOLIS;RARBSLS01;BUENOS AIRES;[-59.32353611,-34.2973861]
ENSERVICIO;RIO TALA;RARBRTA01;BUENOS AIRES;[-59.63911944,-33.76995]
ENSERVICIO;RAMALLO;RARBRMA01;BUENOS AIRES;[-60.01455,-33.4926417]
ENSERVICIO;RANCAGUA;RARBRAN01;BUENOS AIRES;[-60.501369,-34.030475]
ENSERVICIO;PERGAMINO CIUDAD (MPLS);RARBPRG02;BUENOS AIRES;[-60.5714722,-33.8606389]
ENSERVICIO;PERGAMINO CIUDAD (DWDM);RARBPRG01;BUENOS AIRES;[-60.5714722,-33.8606389]
ENSERVICIO;MANUEL OCAMPO;RARBOCP01;BUENOS AIRES;[-60.65036944,-33.7653861]
ENSERVICIO;MARCOS PAZ (SILICA);RARBMPZ01;BUENOS AIRES;[-58.89065,-34.857485]
ENSERVICIO;MARIANO BENITEZ;RARBMBZ01;BUENOS AIRES;[-60.584667,-33.70775]
ENSERVICIO;LA PLATA;RARBLPL01;BUENOS AIRES;[-57.9746888889,-34.9425166667]
ENSERVICIO;LA LUISA;RARBLLU01;BUENOS AIRES;[-59.93204167,-34.1300667]
ENSERVICIO;LIMA;RARBLIM01;BUENOS AIRES;[-59.196668,-34.041398]
ENSERVICIO;JUAN A. DE LA PENA;RARBJPE01;BUENOS AIRES;[-60.487968,-33.830587]
ENSERVICIO;JUAN ANCHORENA;RARBJAN01;BUENOS AIRES;[-60.382051,-33.925028]
ENSERVICIO;GUERRICO;RARBGUE01;BUENOS AIRES;[-60.401365,-33.672828]
ENSERVICIO;VILLA GENERAL SAVIO;RARBGSV01;BUENOS AIRES;[-60.14791944,-33.4383778]
ENSERVICIO;GENERAL ROJO;RARBGRJ01;BUENOS AIRES;[-60.284136,-33.466036]
ENSERVICIO;GOBERNADOR CASTRO;RARBGCT01;BUENOS AIRES;[-59.87133611,-33.6615139]
ENSERVICIO;FONTEZUELA;RARBFTZ01;BUENOS AIRES;[-60.458912,-33.911901]
ENSERVICIO;EL PARAISO;RARBEPA01;BUENOS AIRES;[-59.98036111,-33.5672778]
ENSERVICIO;DUGGAN;RARBDUG01;BUENOS AIRES;[-59.63817222,-34.2114889]
ENSERVICIO;CAPITAN SARMIENTO;RARBCSM01;BUENOS AIRES;[-59.79345,-34.1718861]
ENSERVICIO;CAMPANA;RARBCPN01;BUENOS AIRES;[-58.968954,-34.180292]
ENSERVICIO;CANUELAS;RARBCNL01;BUENOS AIRES;[-58.7328583333,-35.0256444444]
ENSERVICIO;CAPILLA DEL SENOR;RARBCDS01;BUENOS AIRES;[-59.10114444,-34.29258889]
ENSERVICIO;BARADERO;RARBBRD01;BUENOS AIRES;[-59.50957,-33.810287]
ENSERVICIO;BENAVIDEZ;RARBBNV01;BUENOS AIRES;[-58.72027778,-34.4108333]
ENSERVICIO;SAN ANTONIO DE ARECO;RARBARE01;BUENOS AIRES;[-59.47415833,-34.2421444]
ENSERVICIO;VILLA ALSINA;RARBALS01;BUENOS AIRES;[-59.39293056,-33.9071889]
ENSERVICIO;ARROYO DULCE;RARBADU01;BUENOS AIRES;[-60.41030278,-34.0936278]
ENSERVICIO;ACEVEDO;RARBACV01;BUENOS AIRES;[-60.4358888889,-33.7557416667]
ENSERVICIO;ARRECIFES;RARBACF01;BUENOS AIRES;[-60.071807,-34.063912]
ENSERVICIO;SAN NICOLAS;RARFSNS01;LA RIOJA;[-67.473299,-29.117936]
ENSERVICIO;SANTA FLORENTINA;RARFSFL01;LA RIOJA;[-67.555754,-29.130618]
ENSERVICIO;PITUIL;RARFPTL01;LA RIOJA;[-67.449117,-28.582133]
ENSERVICIO;CHANARMUYO;RARFCYO01;LA RIOJA;[-67.585758,-28.606522]
ENSERVICIO;CAMPANAS;RARFCMP01;LA RIOJA;[-67.617573,-28.556084]
ENSERVICIO;CHILECITO;RARFCHT01;LA RIOJA;[-67.49479167,-29.16124167]
ENSERVICIO;BAJO CARRIZAL;RARFBCZ01;LA RIOJA;[-67.563648,-28.888795]
ENSERVICIO;ANGULOS;RARFAUS01;LA RIOJA;[-67.650033,-28.655415]
ENSERVICIO;ALPASINCHE;RARFALP01;LA RIOJA;[-67.0532,-28.31984167]
ENSERVICIO;YAPES;RARKYAP01;CATAMARCA;[-66.078025,-26.84455556]
ENSERVICIO;VILLA VIL;RARKVVL01;CATAMARCA;[-66.823417,-27.093333]
ENSERVICIO;SANTA MARIA;RARKSMR01;CATAMARCA;[-66.041042,-26.698689]
ENSERVICIO;SANTA CRUZ;RARKSCZ01;CATAMARCA;[-65.668192,-28.500486]
ENSERVICIO;LA PUNTILLA (BELEN);RARKPUL01;CATAMARCA;[-66.994114,-27.685833]
ENSERVICIO;PUERTA DE SAN JOSE;RARKPJE01;CATAMARCA;[-67.004678,-27.548972]
ENSERVICIO;PUNTA DE BALASTO;RARKPDB01;CATAMARCA;[-66.134342,-26.952478]
ENSERVICIO;PUERTA DE CORRAL QUEMADO;RARKPCQ01;CATAMARCA;[-66.922222,-27.225836]
ENSERVICIO;LORO HUASI;RARKLOH01;CATAMARCA;[-66.053408,-26.736158]
ENSERVICIO;LOS NACIMIENTOS;RARKLNC01;CATAMARCA;[-66.7355,-27.165444]
ENSERVICIO;LAS MOJARRAS;RARKLMJ01;CATAMARCA;[-66.057472,-26.673578]
ENSERVICIO;LONDRES;RARKLDR01;CATAMARCA;[-67.139125,-27.716881]
ENSERVICIO;JACIPUNCO;RARKJAC01;CATAMARCA;[-67.005042,-27.242214]
ENSERVICIO;HUALFIN;RARKHLF01;CATAMARCA;[-66.833444,-27.223389]
ENSERVICIO;FUERTE QUEMADO;RARKFQM01;CATAMARCA;[-66.048358,-26.626769]
ENSERVICIO;FAMATANCA;RARKFMT01;CATAMARCA;[-66.082833,-26.778611]
ENSERVICIO;EL SALADO;RARKESL01;CATAMARCA;[-67.246761,-28.304858]
ENSERVICIO;EL PUEBLITO (DESVINCULADO);RARKEPO01;CATAMARCA;[-67.162722,-28.289861]
ENSERVICIO;EL DESMONTE;RARKEDS01;CATAMARCA;[-66.099722,-26.884806]
ENSERVICIO;CASPICHANGO;RARKCSP01;CATAMARCA;[-65.952222,-26.732878]
ENSERVICIO;CHANAR PUNCO (DESVINCULADO);RARKCPC01;CATAMARCA;[-66.066752,-26.709442]
ENSERVICIO;CERRO NEGRO (DESVINCULADO);RARKCNE01;CATAMARCA;[-67.135444,-28.259194]
ENSERVICIO;CONDOR HUASI;RARKCHS01;CATAMARCA;[-67.095831,-27.495422]
ENSERVICIO;BELEN;RARKBLN01;CATAMARCA;[-67.020389,-27.646722]
ENSERVICIO;TENIENTE ORIGONE;RARBTOR01;BUENOS AIRES;[-62.57101389,-39.0613444]
ENSERVICIO;PEDRO LURO;RARBPLU01;BUENOS AIRES;[-62.680856,-39.502842]
ENSERVICIO;PIGÜE;RARBPIG01;BUENOS AIRES;[-62.410028,-37.604389]
ENSERVICIO;HILARIO ASCASUBI;RARBHAS01;BUENOS AIRES;[-62.64622313,-39.37554483]
ENSERVICIO;GENERAL DANIEL CERRI;RARBDCE01;BUENOS AIRES;[-62.402205,-38.715294]
ENSERVICIO;MAYOR BURATOVICH;RARBBUR01;BUENOS AIRES;[-62.61647222,-39.2616944]
ENSERVICIO;BAHIA BLANCA (MPLS);RARBBHB02;BUENOS AIRES;[-62.2833722222,-38.7510638889]
ENSERVICIO;BAHIA BLANCA (DWDM);RARBBHB01;BUENOS AIRES;[-62.2833722222,-38.7510638889]
ENSERVICIO;ARGERICH;RARBARG01;BUENOS AIRES;[-62.601599,-38.77061]
ENSERVICIO;TANDIL;RARBTDL01;BUENOS AIRES;[-59.133611,-37.299889]
ENSERVICIO;OLAVARRIA;RARBOLV01;BUENOS AIRES;[-60.30958333,-36.8854194]
ENSERVICIO;LOPEZ;RARBLOP01;BUENOS AIRES;[-59.628589,-37.552344]
ENSERVICIO;HINOJO;RARBHNJ01;BUENOS AIRES;[-60.160656,-36.865519]
ENSERVICIO;CROTTO;RARBCTO01;BUENOS AIRES;[-60.17097778,-36.5760333]
ENSERVICIO;SAN CARLOS DE BOLIVAR;RARBBLV01;BUENOS AIRES;[-61.123139,-36.254722]
ENSERVICIO;BENITO JUAREZ;RARBBJU01;BUENOS AIRES;[-59.80777778,-37.6809444]
ENSERVICIO;AZUL;RARBAZL01;BUENOS AIRES;[-59.85005556,-36.76994444]
ENSERVICIO;ARIEL;RARBARI01;BUENOS AIRES;[-59.92035833,-36.5318028]
ENSERVICIO;VILLA FIGUEROA;RARGVFG01;SANTIAGO DEL ESTERO;[-63.50668333,-27.715625]
ENSERVICIO;SUNCHO CORRAL;RARGSCR01;SANTIAGO DEL ESTERO;[-63.43138333,-27.93126667]
ENSERVICIO;MATARA;RARGMAT01;SANTIAGO DEL ESTERO;[-63.19130556,-28.11147222]
ENSERVICIO;GUARDIA ESCOLTA;RARGGES01;SANTIAGO DEL ESTERO;[-62.12839444,-28.98586667]
ENSERVICIO;FORTIN INCA;RARGFIN01;SANTIAGO DEL ESTERO;[-61.93815556,-29.12830833]
ENSERVICIO;ESTACION TACANITAS;RARGETC01;SANTIAGO DEL ESTERO;[-62.60573333,-28.62479167]
ENSERVICIO;BANDERA;RARGBDR01;SANTIAGO DEL ESTERO;[-62.26744444,-28.88791667]
ENSERVICIO;AVERIAS;RARGAVS01;SANTIAGO DEL ESTERO;[-62.449725,-28.74518333]
ENSERVICIO;ANATUYA;RARGATY01;SANTIAGO DEL ESTERO;[-62.83863889,-28.4635]
